index,date,strict,loose,runup,fwd60,fwd120,mdd120,tc_days
S&P 500,2000-12-22,False,False,0.06146246766975416,-0.1557651138222047,-0.07760866663679433,-0.21926928421357683,17.479033816733214
S&P 500,2001-01-09,False,False,0.03823722480262859,-0.12196621574844446,-0.05051680722371721,-0.21926928421357683,16.51916737088044
S&P 500,2001-01-24,False,False,0.0779516802691802,-0.09312980629836698,-0.11635849589140967,-0.21926928421357683,14.186561062824898
S&P 500,2001-02-07,False,False,0.09118486649864632,-0.05698955540580375,-0.10169722807810011,-0.19507321461705196,-0.5626217475886985
S&P 500,2001-02-22,False,False,0.020254506971689956,0.030763447677816025,-0.05419535855917257,-0.13890444244161504,-0.8414447045052009
S&P 500,2001-03-08,False,False,-0.02581933262201641,0.0018721454395986825,-0.08514566819360248,-0.13660619038343835,218.02706433969087
S&P 500,2001-03-22,False,False,-0.14065870044883155,0.07815644718541037,-0.07895013925999006,-0.2399696242574425,2293.0664158130653
S&P 500,2001-04-05,False,False,-0.13877520014542455,0.07144940852472725,-0.090957294293176,-0.3069835969044492,10473.194468135314
S&P 500,2001-04-20,False,False,-0.077267588279609,-0.023228689593042695,-0.12444035889788463,-0.3069835969044492,3345.1756834876187
S&P 500,2001-05-04,False,False,-0.07668414480080976,-0.04470767267229636,-0.17827321628961013,-0.3069835969044492,0.38456161570343816
S&P 500,2001-05-18,False,False,0.008199354252112379,-0.0849588062369886,-0.12593074676582905,-0.3069835969044492,4.0517042738126285
S&P 500,2001-06-04,False,False,-0.020721256866826465,-0.08701781363320116,-0.11583164750914765,-0.2844437341109991,5.708145588221414
S&P 500,2001-06-18,False,False,-0.08475038302351212,-0.15710658644540043,-0.06086731021863301,-0.24751997867953612,8.419252258844434
S&P 500,2001-07-02,False,False,-0.12336646534640039,-0.16240670281790326,-0.06651988448554302,-0.24726120822444653,0.17615300604734152
S&P 500,2001-07-17,False,False,-0.10416094590439506,-0.10121166930484193,-0.05835452033661159,-0.23426394192726097,-0.7213959371868972
S&P 500,2001-07-31,False,False,-0.06903420525466242,-0.13356554361731376,-0.06671436623939453,-0.23426394192726097,-0.9435728329041382
S&P 500,2001-08-14,False,False,-0.13644482134612002,-0.040971940528840456,-0.06509542422742509,-0.20600012667277134,-0.9499999728043163
S&P 500,2001-08-28,False,False,-0.15071694259890123,-0.028813833875946493,-0.04591958613659308,-0.18451940932498356,-0.9499999936792292
S&P 500,2001-09-18,False,False,-0.23596261222431014,0.09623927622676742,0.12100332477786768,-0.08202828172466958,-0.9499999999750264
S&P 500,2001-10-02,False,False,-0.21334618129646987,0.09588681833236024,0.07964682677355928,-0.08202828172466958,37.15385764663481
S&P 500,2001-10-16,False,False,-0.1390874015225405,0.04285714896823034,0.02956210249387503,-0.08202828172466958,29.665398436142134
S&P 500,2001-10-30,False,False,-0.2403582960394317,0.06685117737791924,0.03098349045629245,-0.08202828172466958,29.944457680942005
S&P 500,2001-11-13,False,False,-0.22047645997022247,-0.024123483698584636,-0.04510759680108389,-0.11084243625740164,49.39351663223901
S&P 500,2001-11-28,False,False,-0.21393525939915747,-0.01710575226064659,-0.03838740151711306,-0.11084243625740164,68.70777020294716
S&P 500,2001-12-12,False,False,-0.2174938600441143,0.02476404855110026,-0.09972148876305731,-0.13041351647219912,90.59266956468504
S&P 500,2001-12-27,False,False,-0.23555057669507207,-0.01623999155880096,-0.13967252712040157,-0.152876479964414,110.75082782332912
S&P 500,2002-01-11,False,False,-0.23541438339684095,-0.01329504647435531,-0.1469590811019721,-0.2105574307157312,139.6435381301222
S&P 500,2002-01-28,False,False,-0.1826803754168944,-0.035867686921626785,-0.29009148744346547,-0.3224211126459702,158.50348906745882
S&P 500,2002-02-11,False,False,-0.22112346717197173,-0.020984113102499258,-0.25201096702198544,-0.38327429169138494,173.40018356610275
S&P 500,2002-02-26,False,False,-0.19485783491839204,-0.021281649256466473,-0.1776954325486111,-0.38327429169138494,232.41271422710776
S&P 500,2002-03-12,False,False,-0.17148446995025957,-0.12448553731415757,-0.24088126982974067,-0.38327429169138494,73.5683990719238
S&P 500,2002-03-26,False,False,-0.2915437654717845,-0.12343253556160061,-0.24500146550894186,-0.3635124878861484,70.82014554869053
S&P 500,2002-04-10,False,False,-0.2858005541054851,-0.13366403462761678,-0.3268570806912656,-0.34865612682197167,71.45514226762062
S&P 500,2002-04-24,False,False,-0.3012565178570972,-0.2542238005218387,-0.2616948693096752,-0.3539070277897922,69.18413275977986
S&P 500,2002-05-08,False,False,-0.2599842235446008,-0.23102685391948619,-0.2013975165174795,-0.3539070277897922,52.817971083628514
S&P 500,2002-05-22,False,False,-0.23510462944104926,-0.15641378329214461,-0.21469197026857678,-0.3452759084526349,-0.6671462542062745
S&P 500,2002-06-06,False,False,-0.3574538908148872,-0.1163957325155831,-0.0982226708227305,-0.2890907831822389,-0.949999549331837
S&P 500,2002-06-20,False,False,-0.3851838018232767,-0.12156892994734125,-0.10669852021763493,-0.25889412241360255,15.000034884566915
S&P 500,2002-07-05,False,False,-0.38718362379961935,-0.19319304606364884,-0.10273182700530636,-0.24159325893528028,17.714366131198144
S&P 500,2002-07-19,False,False,-0.5676768669501318,-0.007471068787836543,0.0899824898727104,-0.21461041402945558,57.254507632018225
S&P 500,2002-08-02,False,False,-0.5192323401424845,0.029629337402006684,-0.003291495956238677,-0.21461041402945558,1.0163006383803186
S&P 500,2002-08-16,False,False,-0.47673576113473093,-0.05827818697643217,-0.11280901219525585,-0.21461041402945558,6.967533768726053
S&P 500,2002-08-30,False,False,-0.5048453790152703,0.0181730616928526,-0.09556345485742312,-0.16496135339023432,15.035948310020753
S&P 500,2002-09-16,False,False,-0.4977066822467169,0.014870409729706324,-0.09853836546585804,-0.15075875692406626,20.625378564733452
S&P 500,2002-09-30,False,False,-0.5664401986298184,0.09046121905834248,0.058307265848813294,-0.15915323252819036,20.50169067772767
S&P 500,2002-10-14,False,False,-0.4904905112766711,0.09745355866054695,0.04472763868070917,-0.15915323252819036,6.348813890276306
S&P 500,2002-10-28,False,False,-0.43805451826832353,-0.03292083335824536,0.0234691225695407,-0.15915323252819036,74.31282384855197
S&P 500,2002-11-11,False,False,-0.4440444194157589,-0.054530825218823686,0.06431096133729852,-0.15915323252819036,82.64518768258289
S&P 500,2002-11-25,False,False,-0.3688307454647637,-0.11373651655027572,-0.014185723338963285,-0.15915323252819036,104.07896515333626
S&P 500,2002-12-10,False,False,-0.4226566222690238,-0.11340877519556436,0.08657268513680094,-0.1514441256642085,128.106884215474
S&P 500,2002-12-24,False,False,-0.38774350885686193,-0.032153953209529185,0.12380187435714252,-0.1514441256642085,147.96284209734245
S&P 500,2003-01-09,False,False,-0.3477072334615352,-0.052725919979837776,0.06891739509008321,-0.1514441256642085,186.1877667185379
S&P 500,2003-01-24,False,False,-0.45484842514825985,0.05638995592778606,0.13075730061170265,-0.07646554471970468,224.0356454456518
S&P 500,2003-02-07,False,False,-0.47378255216193654,0.11884178655612221,0.176965883947787,-0.0610880670171845,215.96199397738513
S&P 500,2003-02-24,False,False,-0.40305198769193407,0.09955079321131244,0.1736906383423884,-0.05461311678045622,226.6175849257912
S&P 500,2003-03-10,False,False,-0.4236278512189937,0.1999814603323653,0.21667301850507048,-0.05461311678045622,259.8973781669014
S&P 500,2003-03-24,False,False,-0.27679545491951085,0.1559558275666717,0.16437495717477724,-0.04674310384295666,382.28375536677106
S&P 500,2003-04-07,False,False,-0.24874026204681687,0.12164331506992099,0.12475793231437571,-0.04674310384295666,70.90075510839311
S&P 500,2003-04-22,False,False,-0.29522456881449877,0.07436734468391659,0.13015996595085877,-0.04674310384295666,84.2169600964775
S&P 500,2003-05-06,False,False,-0.30175492321938524,0.0581240973916648,0.0963613754815622,-0.04674310384295666,105.44100321885242
S&P 500,2003-05-20,False,False,-0.3558602309554262,0.07413984513107597,0.13551775845666292,-0.04674310384295666,131.5976922830253
S&P 500,2003-06-04,False,False,-0.26350077257333115,0.01669155817270518,0.0485275059729835,-0.04674310384295666,164.1426725513848
S&P 500,2003-06-18,False,False,-0.18271082222374702,0.008419129608105536,0.056964812080456895,-0.04519004702034568,250.78463432761876
S&P 500,2003-07-02,False,False,-0.21689510007504076,0.0031146172444547204,0.09514087193339105,-0.04296003817740601,361.13575127640706
S&P 500,2003-07-17,False,False,-0.20716495006323132,0.05579262126694218,0.1374034984280792,-0.042854914557270085,551.5122639732906
S&P 500,2003-07-31,False,False,-0.20524651608329592,0.03823727808989741,0.14421564802892295,-0.042854914557270085,1269.247200185946
S&P 500,2003-08-14,False,False,-0.1733703868791343,0.06137791332558695,0.13050434273991396,-0.042854914557270085,1486.9488171552443
S&P 500,2003-08-28,False,False,-0.13567303346322568,0.03183594780027832,0.13179102732790327,-0.042854914557270085,1424.4743926768742
S&P 500,2003-09-12,False,False,0.00248684624251716,0.04854568247235136,0.1272508331985973,-0.042854914557270085,1421.7845407274656
S&P 500,2003-09-26,False,False,-0.07294224538755412,0.09202625468893633,0.10731681938263193,-0.04710343150954088,1468.3950644116048
S&P 500,2003-10-10,False,False,-0.03690928519778858,0.08161087716113702,0.09526113090511856,-0.059090016831462755,1493.5163793245638
S&P 500,2003-10-24,False,False,-0.029561344262860167,0.10597836993902554,0.09885478698276984,-0.059090016831462755,1544.9922637925865
S&P 500,2003-11-07,False,False,-0.08024646241242728,0.069126429414327,0.05924248353300321,-0.059090016831462755,1480.0873585830686
S&P 500,2003-11-21,False,False,-0.09653169309740406,0.09995507952762495,0.046078178003906345,-0.0657369848751781,1625.437153908739
S&P 500,2003-12-08,False,False,-0.04577069046311344,0.07870515072624595,0.047395222000475634,-0.0657369848751781,1675.8393635834673
S&P 500,2003-12-22,False,False,-0.06042768740266968,0.015290564693695607,0.03649191608528923,-0.0657369848751781,1761.015824045325
S&P 500,2004-01-07,False,False,-0.010668061340473933,0.013650253743981544,0.012800282834924737,-0.0657369848751781,1907.4665154702623
S&P 500,2004-01-22,False,False,0.03858655002960365,-0.007123582956255703,-0.033104867390369996,-0.0657369848751781,2128.0091302280925
S&P 500,2004-02-05,False,False,0.01886381291523076,-0.009883945881323797,-0.025267974270478,-0.06576468565609606,2653.793726084465
S&P 500,2004-02-20,False,False,0.030366104241291936,-0.0538769015237186,-0.07331560315815011,-0.08439799941859238,4397.755790232509
S&P 500,2004-03-05,False,False,0.0023973001452679554,-0.03130992872577032,-0.04578267648100365,-0.08439799941859238,11662.299098090458
S&P 500,2004-03-19,False,False,-0.030875895431527134,0.021201351391593626,0.012660790096460595,-0.07894599890834897,11661.31133876909
S&P 500,2004-04-02,False,False,0.0339557164177311,-0.0008499709090568075,-0.028155678282081098,-0.07894599890834897,21003.788326019603
S&P 500,2004-04-19,False,False,0.0398202543892614,-0.025981284434114293,-0.012117219629953269,-0.0732719647929514,12035.858274641178
S&P 500,2004-05-03,False,False,0.04061729738185704,-0.015384028389154203,-0.019655164991466023,-0.0732719647929514,11935.783406820074
S&P 500,2004-05-17,False,False,-0.011901937142976493,-0.01943870163443151,0.07297478508290922,-0.0732719647929514,16480.83471420606
S&P 500,2004-06-01,False,False,0.08724160433998218,-0.014472747755233328,0.042894779228051405,-0.0732719647929514,1563.4242493472716
S&P 500,2004-06-16,False,False,0.13628256008967377,-0.008540561295133031,0.048800194087406545,-0.0732719647929514,1643.7789076394495
S&P 500,2004-06-30,False,False,0.15505392182340216,-0.02730570737302429,0.0460884721697683,-0.07045337746170244,1677.2231754093855
S&P 500,2004-07-15,False,False,0.3000074366231429,0.013864064804161025,0.0709398237777048,-0.04225319307638742,1455.25395988443
S&P 500,2004-07-29,False,False,0.27650380116288176,-0.00427113660231182,0.07372943218309658,-0.04225319307638742,1919.2593956088926
S&P 500,2004-08-12,False,False,0.11186813690737196,0.09241348671734073,0.11531891743888512,-0.04225319307638742,2336.0706287888197
S&P 500,2004-08-26,False,False,0.23001263263474137,0.05736752698328473,0.09097453493203567,-0.04225319307638742,1765.631613921668
S&P 500,2004-09-10,False,False,0.2520468440904091,0.05734075538253958,0.07418607627382023,-0.04225319307638742,965.7794944570885
S&P 500,2004-09-24,False,False,0.2694399087422914,0.07339417954279259,0.06967063337406731,-0.04225319307638742,1472.4655374672343
S&P 500,2004-10-08,False,False,0.24162879725060193,0.05707575897354378,0.04425881379782837,-0.05016388207067202,1354.174455030567
S&P 500,2004-10-22,False,False,0.21682306718139976,0.0780005687854084,0.04189394173791605,-0.06987005464015716,1362.6790115561246
S&P 500,2004-11-05,False,False,0.2782116041620384,0.022905430721544384,-0.00802413920427636,-0.07436104951469957,1346.1404092655755
S&P 500,2004-11-19,False,False,0.24797419406293653,0.03360700794875093,-0.014016738670584061,-0.07436104951469957,747.9182482982338
S&P 500,2004-12-06,False,False,0.2740278799360638,0.016845320891280657,0.007141028069955091,-0.07436104951469957,428.9406010773649
S&P 500,2004-12-20,False,True,0.29476921760967745,-0.003723546168725278,0.005151336248130356,-0.07436104951469957,96.08273414025703
S&P 500,2005-01-04,False,True,0.24750035694461836,-0.01281694517571541,0.0022195726265872295,-0.07436104951469957,23.291441550794765
S&P 500,2005-01-19,False,True,0.334918556190428,-0.036106627047492346,0.031230169737737512,-0.07436104951469957,-0.2548640935810531
S&P 500,2005-02-02,False,True,0.355792929750411,-0.030929569925820743,0.03132649865063453,-0.07436104951469957,-0.9499999984915464
S&P 500,2005-02-16,False,True,0.3669584942288502,-0.047623746619334995,0.017234211965297064,-0.07436104951469957,-0.9473635962928828
S&P 500,2005-03-03,False,True,0.4132401823502221,-0.009704292821325566,0.005864777305979452,-0.07436104951469957,-0.9499999936536385
S&P 500,2005-03-17,False,True,0.3079583204445635,0.008874882416855634,0.038041837255208044,-0.046077972493672625,-0.9499999947707449
S&P 500,2005-04-01,False,True,0.28927487246911454,0.01503651780230264,0.03128919105168393,-0.046077972493672625,-0.4064197315986062
S&P 500,2005-04-15,False,False,0.21777123903281836,0.06733679678522986,0.04598483515037177,-0.03985898737102911,112.12267261772469
S&P 500,2005-04-29,False,False,0.21868015729008228,0.06225606857645527,0.033081201432741736,-0.05633483791974836,196.44909988051396
S&P 500,2005-05-13,False,False,0.2229486656304287,0.06485795858463206,0.05126899748581515,-0.05633483791974836,272.29088045755054
S&P 500,2005-05-27,False,False,0.19121331372319794,0.015569070127305018,0.026692996828189486,-0.05633483791974836,326.9492011919153
S&P 500,2005-06-13,False,False,0.18831869455192862,0.02916695483835241,0.05180664158146797,-0.05633483791974836,296.53983419177064
S&P 500,2005-06-27,False,False,0.18893613960418154,0.01625267324938129,0.06522381627949159,-0.05633483791974836,299.8192726913206
S&P 500,2005-07-12,False,False,0.20736306751534173,-0.021351961634858085,0.0211139824879627,-0.05633483791974836,304.2818253258863
S&P 500,2005-07-26,False,False,0.22800647532167329,-0.029174867143713534,0.041189724608324596,-0.05633483791974836,302.75128426378114
S&P 500,2005-08-09,False,False,0.21750930998823037,-0.01358896109881691,0.03878704585821069,-0.053471348862450974,329.4795858179399
S&P 500,2005-08-23,False,False,0.18889536713432697,0.011123926700884468,0.046488333957190875,-0.053471348862450974,288.1448650898582
S&P 500,2005-09-07,False,False,0.19747016574837062,0.02263968674311556,0.04343142261308941,-0.053471348862450974,211.78827778915
S&P 500,2005-09-21,False,False,0.18422713153079062,0.0489711430301103,0.07389906785112732,-0.04321341809375845,213.1893640582183
S&P 500,2005-10-05,False,False,0.13495696725620032,0.04246594412282079,0.08527618365615641,-0.03091705016088042,204.85565958272
S&P 500,2005-10-19,False,False,0.1481266817496376,0.07036459175203813,0.07440181230425491,-0.03091705016088042,225.6279198130364
S&P 500,2005-11-02,False,False,0.1485125605218398,0.0523760069570276,0.07526681711855776,-0.03091705016088042,244.54214971178078
S&P 500,2005-11-16,False,False,0.15722827876097956,0.03536440725630641,0.05891041293738919,-0.03091705016088042,223.25289067642308
S&P 500,2005-12-01,False,False,0.1763724974104015,0.02079173586997385,0.006470800171997304,-0.053592177569083965,183.8085420936213
S&P 500,2005-12-15,False,False,0.14807128296466665,0.024927924821017022,-0.014774838031165416,-0.05700398773389015,148.7804837638107
S&P 500,2005-12-30,False,False,0.09785930121313946,0.042810239533335626,-0.0030408031651933953,-0.08011505162604138,125.90190197027118
S&P 500,2006-01-17,False,False,0.11675953564292296,0.00403722055221678,-0.012226377664625865,-0.08011505162604138,144.76778173483507
S&P 500,2006-01-31,False,False,0.11347614384306848,0.022890810161530162,-0.01508883213233414,-0.08011505162604138,157.16868020215168
S&P 500,2006-02-14,False,False,0.11146550341162165,0.023546005681082782,0.00018813232163861215,-0.08011505162604138,183.65774757971286
S&P 500,2006-03-01,False,False,0.1182788410930149,-0.014320935697976545,0.004851776367776672,-0.08011505162604138,114.547504558008
S&P 500,2006-03-15,False,False,0.1735650472907473,-0.03970276285218244,0.007820318283898509,-0.08011505162604138,110.67401770738017
S&P 500,2006-03-29,False,False,0.12432746070319212,-0.04585104269852902,0.011257383507522256,-0.08011505162604138,97.90298392525965
S&P 500,2006-04-12,False,False,0.14150823180794436,-0.016263598216842645,0.03508060445849992,-0.08011505162604138,96.03253046257466
S&P 500,2006-04-27,False,False,0.1568864891443651,-0.0379796422938643,0.040644899796194345,-0.08011505162604138,73.89519402029521
S&P 500,2006-05-11,False,False,0.17936408082799726,-0.02335787335944417,0.05368178053365291,-0.06503697110432327,69.82944785609146
S&P 500,2006-05-25,False,False,0.12350791570654351,0.019172712065753217,0.09033554048672787,-0.05139056221426053,51.69158969470966
S&P 500,2006-06-09,False,False,0.10095170801469688,0.04752308113608095,0.1111188250462316,-0.03635053710460756,52.85985786294045
S&P 500,2006-06-23,False,False,0.09745475570716522,0.05710842620605128,0.12712984219481793,-0.03635053710460756,30.055552320936485
S&P 500,2006-07-10,False,False,0.1403471568750856,0.051344202675342565,0.11706211910053366,-0.030270579320492708,18.79022524537266
S&P 500,2006-07-24,False,False,0.1349611408343021,0.07862454209005865,0.12716854098547437,-0.018000113327837575,6.733829135060376
S&P 500,2006-08-07,False,False,0.18076289945178559,0.07703965389309708,0.1132989574404828,-0.018000113327837575,5.205500241368233
S&P 500,2006-08-21,False,False,0.15810576200733806,0.07116282842097466,0.10714232097691223,-0.018000113327837575,26.366388721838163
S&P 500,2006-09-05,False,False,0.15399336978219758,0.06359574391015066,0.06882681894218567,-0.04243095560725152,16.245987521010584
S&P 500,2006-09-19,False,False,0.17733718020689526,0.07002141598876666,0.05142346320040492,-0.0604037480170172,6.480042902946792
S&P 500,2006-10-03,False,False,0.17102371190196042,0.06571791642519109,0.06043985655330619,-0.0604037480170172,-0.9499999977575224
S&P 500,2006-10-17,False,False,0.21988650862193548,0.04854399889541572,0.05958694515800289,-0.0604037480170172,23.289084811615403
S&P 500,2006-10-31,False,False,0.16796291262602647,0.03625930354738571,0.08103482126054828,-0.0604037480170172,43.20880657695181
S&P 500,2006-11-14,False,False,0.16844488679376557,0.035979492555937576,0.0681445973149648,-0.0604037480170172,50.01660485878689
S&P 500,2006-11-29,False,False,0.17307247089199151,0.005231075032035015,0.07435856496774296,-0.0604037480170172,66.7335928450976
S&P 500,2006-12-13,False,True,0.15901078445587746,-0.018597952788361738,0.06470175691088365,-0.0604037480170172,84.28506909991728
S&P 500,2006-12-28,False,True,0.18530339874125445,-0.005278059871884899,0.053188051294234207,-0.0604037480170172,5.535736050237938
S&P 500,2007-01-16,False,True,0.19738519863042647,0.011042946262587172,0.06747388917152808,-0.0604037480170172,29.990650811438925
S&P 500,2007-01-30,False,True,0.18298801252676888,0.04477551771316257,0.07595245158939168,-0.0604037480170172,38.232467467637306
S&P 500,2007-02-13,False,True,0.184650725025433,0.03216510475902723,0.016079052672931304,-0.08042796836673105,40.213210553520675
S&P 500,2007-02-28,False,True,0.14074474828457184,0.06912748993570794,0.02715810608628111,-0.09899352676103224,49.7669432298955
S&P 500,2007-03-14,False,True,0.1536065658426642,0.08329970969924538,0.07112107974011561,-0.09899352676103224,95.46453363950191
S&P 500,2007-03-28,False,False,0.18648336733868032,0.058466111166119106,0.06986135844803609,-0.09899352676103224,103.96655354520612
S&P 500,2007-04-12,False,False,0.23378504804039046,0.056430942908940906,0.06603317690396704,-0.09899352676103224,108.95193294398564
S&P 500,2007-04-26,False,True,0.2513440368838671,0.031176933876229107,0.02920302522929319,-0.09899352676103224,98.39537700744172
S&P 500,2007-05-10,False,True,0.2464490555907055,-0.016086052086095926,0.026172001663434585,-0.09899352676103224,96.44662041279561
S&P 500,2007-05-24,False,False,0.23524627217316763,-0.04196938384942683,-0.017707960957103808,-0.09899352676103224,100.17370407555437
S&P 500,2007-06-08,False,True,0.22499082042781637,-0.012178629959129772,-0.02596991651375191,-0.1063655750254684,97.74922302155176
S&P 500,2007-06-22,False,True,0.22354136927667945,0.011395247281916987,-0.010685475684234724,-0.1063655750254684,82.83444677728235
S&P 500,2007-07-09,False,True,0.22493215732140115,0.009602233995026133,-0.03695748980416447,-0.1063655750254684,81.0213493421712
S&P 500,2007-07-23,False,True,0.22028199762850953,-0.001973908646935918,-0.09560078555267904,-0.1185412953699565,64.96631149196087
S&P 500,2007-08-06,False,False,0.17736953314882786,0.04225805374953051,-0.08064253610933925,-0.17757293759715687,113.39170573397827
S&P 500,2007-08-20,False,False,0.17820847477590807,0.024261422892323026,-0.07646975277163204,-0.17757293759715687,137.47598235075463
S&P 500,2007-09-04,False,False,0.19001580415988872,-0.01379128655462214,-0.07536893859697358,-0.17757293759715687,136.34866281157753
S&P 500,2007-09-18,False,False,0.224134340066783,-0.02208072296615171,-0.14044154880985893,-0.20631475595776827,127.42534417116124
S&P 500,2007-10-02,False,False,0.2608737572789446,-0.0465597237991906,-0.14256582771604798,-0.20631475595776827,139.96654909231566
S&P 500,2007-10-16,False,False,0.2671791008201989,-0.09362687690574312,-0.12740244161669256,-0.19618792871620006,132.35555454137526
S&P 500,2007-10-30,False,True,0.22713256416582261,-0.12290058985886976,-0.10390138063337861,-0.19618792871620006,97.80325081822983
S&P 500,2007-11-13,False,True,0.17538439080886903,-0.10073117566395506,-0.06160040669428568,-0.17438195050082417,90.11267961379876
S&P 500,2007-11-28,False,False,0.14946019891130113,-0.06157765204235144,-0.05478114536068723,-0.17438195050082417,109.43460576939844
S&P 500,2007-12-12,False,False,0.15958049170160482,-0.11836082584370722,-0.0571239312520877,-0.1622369873225793,1367.0279518854716
S&P 500,2007-12-27,False,False,0.1514470393085201,-0.09600610391685738,-0.09473935534234723,-0.14935436449138262,1474.188080706008
S&P 500,2008-01-11,False,False,0.09195893341764094,-0.033775564710949446,-0.10378987437190901,-0.12299766419642033,1904.6070509433478
S&P 500,2008-01-28,False,False,0.054253525069549724,0.018999209225491143,-0.0713823023909752,-0.16064499520507525,975.2906901444622
S&P 500,2008-02-11,False,False,0.045160075177243186,0.03913076896966938,-0.060662383846318946,-0.16064499520507525,975.2906901444622
S&P 500,2008-02-26,False,False,0.06904253235356705,0.006796506681664205,-0.062039221502447006,-0.16064499520507525,16988.834648451302
S&P 500,2008-03-11,False,False,0.011668209149749309,0.06123689459161952,-0.029055517205926584,-0.16064499520507525,33430.04049610954
S&P 500,2008-03-26,False,False,0.030955992238231644,0.0012667485745101459,-0.11729294239004773,-0.17909541964627618,3830.9572462849655
S&P 500,2008-04-09,False,False,0.04946518116669285,-0.07001430966095956,-0.20229537471692272,-0.2541854055476005,1.407114579200952
S&P 500,2008-04-23,False,False,0.05154014613512725,-0.09038151161646635,-0.31868843504679223,-0.4615426135128553,1.6652553378058155
S&P 500,2008-05-07,False,False,0.07554793283489758,-0.09979315281598833,-0.4949412677185796,-0.5191053688056462,0.13301847156066415
S&P 500,2008-05-21,False,False,0.08282928337791606,-0.06883572818411121,-0.41405502960470564,-0.5031512980443029,-0.949999956639469
S&P 500,2008-06-05,False,False,0.12631627064644668,-0.0902924117975461,-0.49975273646900487,-0.6237949695034599,-0.9499999838730178
S&P 500,2008-06-19,False,False,0.07118779631275274,-0.11855969096455787,-0.4128086295943909,-0.5792133115830849,-0.9499999868380904
S&P 500,2008-07-03,False,False,-0.0075178178708776855,-0.13228106505596315,-0.3805659192691513,-0.5508821971735207,-0.935158651028889
S&P 500,2008-07-18,False,False,-0.0064833247928035576,-0.22830692343032588,-0.3262587495384679,-0.5508821971735207,-0.9499999983484941
S&P 500,2008-08-01,False,False,-0.008823791310775597,-0.3951481149025913,-0.41534069095912685,-0.5508821971735207,-0.8675172517378371
S&P 500,2008-08-15,False,False,-0.00047746650882007913,-0.3452193014205944,-0.40185123838474723,-0.5473212632495645,-0.8867117187119078
S&P 500,2008-08-29,False,False,-0.013495711554311285,-0.40946032467145876,-0.5456837052476278,-0.5456837052476278,-0.7732222391952925
S&P 500,2008-09-15,False,False,-0.10532873649809371,-0.29424893862983303,-0.5669980471099691,-0.6179777241052538,-0.9390332494531028
S&P 500,2008-09-29,False,False,-0.1991230757168081,-0.24828485421318813,-0.2960259266521561,-0.5446662188616243,0.40948836304788294
S&P 500,2008-10-13,False,False,-0.30839599609073964,-0.09795182610814201,-0.18309327026387656,-0.3965119754385009,-0.5442303207983112
S&P 500,2008-10-27,False,False,-0.4770013094403014,-0.02019257605653557,0.0013655493587547696,-0.3965119754385009,-0.8436443042462161
S&P 500,2008-11-10,False,False,-0.41825984134191785,-0.05663193696415281,-0.016906545734298284,-0.32324879963548536,0.0756815735589722
S&P 500,2008-11-24,False,False,-0.4973139230362431,-0.136223380576169,0.06402405074788131,-0.32324879963548536,1.9627300951335913
S&P 500,2008-12-09,False,False,-0.4725449423590291,-0.2727491084801361,0.047349337655241186,-0.32324879963548536,-0.7585368881796728
S&P 500,2008-12-23,False,False,-0.49661424246211094,-0.04774107243896797,0.05362449684801085,-0.32324879963548536,0.030348207567643115
S&P 500,2009-01-08,False,False,-0.45271536202524754,-0.08514144415573455,0.014838888605558154,-0.29617099481311904,0.6832473772523384
S&P 500,2009-01-23,False,False,-0.5474030585866867,0.02155812541529034,0.12289443168502423,-0.2562065406802372,3.35699946578627
S&P 500,2009-02-06,False,False,-0.5160846851192629,0.03972539122985452,0.12753402207290598,-0.2513899487253797,8.09388802924682
S&P 500,2009-02-23,False,False,-0.6353491587022786,0.20024743132405032,0.30926479958775754,-0.13348332874704205,8.434303044945302
S&P 500,2009-03-09,False,False,-0.7217211555295657,0.3200984461353773,0.4212882303962937,-0.0735317672092135,20.496931584987443
S&P 500,2009-03-23,False,False,-0.5473333058473617,0.10136556928697882,0.2367385637120636,-0.0735317672092135,39.041020719496444
S&P 500,2009-04-06,False,False,-0.553276020986325,0.0999803327612927,0.22317230562931023,-0.0735317672092135,86.41313476155155
S&P 500,2009-04-21,False,False,-0.5639286998345074,0.10133630626973389,0.2314749901253803,-0.0735317672092135,128.69140995471173
S&P 500,2009-05-05,False,False,-0.5105047021678972,0.08780863084305146,0.17773777521348855,-0.0735317672092135,12.777357475895146
S&P 500,2009-05-19,False,False,-0.5122648912165921,0.10901736826370723,0.16337200792180617,-0.0735317672092135,13.420028519229632
S&P 500,2009-06-03,False,False,-0.48220669362893354,0.1011897842609164,0.15812295255176245,-0.0735317672092135,19.0865097992744
S&P 500,2009-06-17,False,False,-0.49748803834846544,0.13537299442508477,0.19179110891479212,-0.05785793571663422,23.256514850083178
S&P 500,2009-07-01,False,False,-0.49195767472898755,0.12319197286801753,0.18777062795700328,-0.05785793571663422,29.79373533158558
S&P 500,2009-07-16,False,False,-0.47388667129664697,0.13013868385564642,0.18960484143764855,-0.05785793571663422,40.931204152660605
S&P 500,2009-07-30,False,False,-0.4031551783599481,0.08992914437043709,0.12351942554201045,-0.05785793571663422,63.9367040910076
S&P 500,2009-08-13,False,False,-0.35692573600935873,0.05435463965809895,0.04854892566471669,-0.07876334437853583,83.04734295832117
S&P 500,2009-08-27,False,False,-0.3563092514559498,0.05693316829084605,0.07310224073745619,-0.0847732170091815,99.42584060510984
S&P 500,2009-09-11,False,False,-0.38279131171000547,0.05641811448970735,0.08804496312508192,-0.0847732170091815,116.98149610608243
S&P 500,2009-09-25,False,False,-0.3880927124330471,0.06457865508898575,0.10491040250117756,-0.0847732170091815,153.33267165966035
S&P 500,2009-10-09,False,False,-0.3635370869030279,0.05946615758200213,0.10274948580365617,-0.0847732170091815,199.63090369174319
S&P 500,2009-10-23,False,False,-0.36126427420565577,0.033590281171573366,0.10366218839476815,-0.0847732170091815,280.97245551233743
S&P 500,2009-11-06,False,False,-0.3186525762712922,-0.0058057139933822555,0.11719885259144203,-0.0847732170091815,363.1594889091605
S&P 500,2009-11-20,False,False,-0.29762893162922577,0.016169072446610144,0.04089743593736106,-0.09146638679462349,527.8753613746629
S&P 500,2009-12-07,False,False,-0.2994480897674352,0.03162684863537457,-0.029938425769157284,-0.13087800823800766,928.1665716724534
S&P 500,2009-12-21,False,False,-0.28301922212715525,0.04033174741219181,0.0010585759481402945,-0.14738122985954583,1339.22010883487
S&P 500,2010-01-06,False,False,-0.21949618193408327,0.04328332822165404,-0.08810405041866787,-0.15620658431105738,1335.7100177748378
S&P 500,2010-01-21,False,False,-0.19899362265562992,0.07007190722319478,-0.0192712185666144,-0.1742900232107063,1346.168887653936
S&P 500,2010-02-04,False,False,-0.23806121952987258,0.12300456658482428,0.03966888078874131,-0.1742900232107063,1341.283812555479
S&P 500,2010-02-19,False,False,-0.2184859787672515,0.024728363490750915,-0.01792071470480394,-0.1742900232107063,1343.6833436613433
S&P 500,2010-03-05,False,False,-0.13920056232187683,-0.061565274404531856,-0.07603374526998863,-0.1742900232107063,1374.781888449249
S&P 500,2010-03-19,False,False,-0.13365207225261155,-0.039273171464051515,-0.04923078824904259,-0.1742900232107063,13.957454006345182
S&P 500,2010-04-05,False,False,-0.13608938612746524,-0.1313873786403219,-0.0541678056378343,-0.1742900232107063,-0.9496745884265412
S&P 500,2010-04-19,False,False,-0.14820165853396094,-0.08934312578980919,-0.0335065260987184,-0.1742900232107063,-0.9499999769280176
S&P 500,2010-05-03,False,False,-0.150610630623218,-0.08333568579608297,-0.018468365534021203,-0.16187426508860714,-0.9499999917897961
S&P 500,2010-05-17,False,False,-0.20408794861810886,-0.04264907819555486,0.0713789912552869,-0.10601152892608123,-0.949999996518458
S&P 500,2010-06-01,False,False,-0.239662671077288,-0.014468470865456773,0.11123741954820154,-0.08877414285219665,2152.8247307015126
S&P 500,2010-06-15,False,False,-0.167001721136252,-0.009957616784991075,0.09364340569937735,-0.08877414285219665,1710.1668819508936
S&P 500,2010-06-29,False,False,-0.18457759196860835,0.07721957300248761,0.177847370758756,-0.07412099382485948,16630.936065600956
S&P 500,2010-07-14,False,False,-0.14020207842717092,0.05583659969109078,0.1495786119697291,-0.07412099382485948,11935.783406820074
S&P 500,2010-07-28,False,False,-0.12148380412265158,0.06486732026206177,0.15765871309126123,-0.07412099382485948,12289.15543843175
S&P 500,2010-08-11,False,False,-0.16007439774175314,0.11402806945084176,0.1824944093997809,-0.043847970377902,-0.9499977484785926
S&P 500,2010-08-25,False,False,-0.19111415647120644,0.12570589041365832,0.2298281161435316,-0.039527821828833964,-0.9499999988255015
S&P 500,2010-09-09,False,False,-0.09448810232822247,0.10360102248436842,0.16973251586544613,-0.039527821828833964,326.5875082086569
S&P 500,2010-09-23,False,False,-0.036255901261068146,0.1006277977562684,0.11100058962549397,-0.06628090734041159,533.9144570626546
S&P 500,2010-10-07,False,False,0.1487382148881604,0.09374201227863832,0.13712358032509542,-0.06628090734041159,963.556840741143
S&P 500,2010-10-21,False,False,0.22706774868510227,0.09279139282919946,0.10765315995091829,-0.06628090734041159,1158.045128017266
S&P 500,2010-11-04,False,False,0.306247232349973,0.06846633994893914,0.1081181816656045,-0.06628090734041159,1171.997159951748
S&P 500,2010-11-18,False,False,0.3334217335055998,0.10412222572987329,0.11954474696576423,-0.06628090734041159,1158.0839129515575
S&P 500,2010-12-03,False,False,0.3089093773992877,0.06613149338107771,0.0792289846719001,-0.06628090734041159,1190.3223785502414
S&P 500,2010-12-17,False,False,0.3596504123130826,0.010372791869225573,0.021528568940309967,-0.07034734307700852,1200.8517191263595
S&P 500,2011-01-03,False,False,0.3566289165964509,0.0433815680464571,-0.002692610489245517,-0.07473146612763149,133.3217816207386
S&P 500,2011-01-18,False,True,0.43697122617199824,0.014861767121718827,0.018719136234104816,-0.07473146612763149,80.13149639054318
S&P 500,2011-02-01,False,True,0.4075742171033472,0.03965184171666536,0.022564180107784715,-0.07473146612763149,33.31081507778721
S&P 500,2011-02-15,False,True,0.5409767035201352,0.01542252123589094,-0.17083519733304353,-0.1972891924400093,-0.9499996794759547
S&P 500,2011-03-02,False,True,0.5978953530711575,0.013097491290822383,-0.15210199456534657,-0.1972891924400093,54.01153287503868
S&P 500,2011-03-16,False,True,0.4441551340207086,0.011155777071084394,-0.07570539783273222,-0.1972891924400093,92.10413862562949
S&P 500,2011-03-30,False,False,0.48776238398849703,-0.046074178535702615,-0.09980814231848001,-0.1972891924400093,117.66397145000762
S&P 500,2011-04-13,False,False,0.4435240377689311,0.003857369112385989,-0.15653869871313741,-0.21552566728802525,180.24690699563783
S&P 500,2011-04-28,False,True,0.39173014145938634,-0.017087661608880644,-0.10458655989930055,-0.21552566728802525,41.41487119113918
S&P 500,2011-05-12,False,True,0.4006165157177852,-0.18625771856893447,-0.10166405818262092,-0.20787699967071216,22.57441467025867
S&P 500,2011-05-26,False,True,0.34119481164008203,-0.16519948585616895,-0.05256087371220275,-0.20787699967071216,7.955857205975025
S&P 500,2011-06-10,False,False,0.32494316560641323,-0.08686117490381662,-0.01907968278379979,-0.20787699967071216,201.25510400616298
S&P 500,2011-06-24,False,False,0.347141888817192,-0.053733963782777394,-0.04567232681155886,-0.20787699967071216,309.4870294492629
S&P 500,2011-07-11,False,False,0.33871651549667536,-0.1603960678255234,-0.04373959633478286,-0.20179898120601258,341.95741399821753
S&P 500,2011-07-25,False,False,0.30334895817586105,-0.0874988982904199,-0.036813385634221873,-0.19613998585039383,306.7566161657671
S&P 500,2011-08-08,False,False,0.10876470576712638,0.08459366038631355,0.15947582771058144,-0.1035558947723505,885.1014028351951
S&P 500,2011-08-22,False,False,0.08821406843941304,0.1126386121439662,0.1846813113530379,-0.1035558947723505,881.3870262955445
S&P 500,2011-09-06,False,False,0.10476570309687894,0.06778149212001683,0.1634736895844746,-0.1035558947723505,21.179114406388866
S&P 500,2011-09-20,False,False,0.12298541454158585,0.008061636971218533,0.14951347174437313,-0.1035558947723505,24.07033443701345
S&P 500,2011-10-04,False,False,0.0434222516462377,0.11665647149074054,0.22852613448929837,-0.1035558947723505,52.0029874837864
S&P 500,2011-10-18,False,False,0.13844693911515638,0.05068551265619803,0.11061765786202482,-0.1035558947723505,45.94973129626179
S&P 500,2011-11-01,False,False,0.10844069242035559,0.07488216732426789,0.13235993269845725,-0.09639468794184491,52.58954347756628
S&P 500,2011-11-15,False,False,0.12840529168066173,0.07204269920907169,0.07411925030899358,-0.08209932681671805,73.76426381616619
S&P 500,2011-11-30,False,False,0.13275268119663508,0.09569219746445778,0.05605915778984727,-0.09130007162668896,2.8291299091049993
S&P 500,2011-12-14,False,False,0.08056403565581682,0.1414518347731546,0.08170573622831423,-0.10465292924381675,-0.9499999862513375
S&P 500,2011-12-29,False,False,0.1009961252751328,0.11186966299855783,0.048291604194861115,-0.10465292924381675,0.11073891514090661
S&P 500,2012-01-13,False,False,0.16614543460430564,0.05993214520582679,0.049628787229581306,-0.10465292924381675,-0.7325888415282145
S&P 500,2012-01-30,False,False,0.20823072813202348,0.05747776537418936,0.03711647775064364,-0.10465292924381675,639.4670459529843
S&P 500,2012-02-13,False,False,0.19884923702091495,0.002076551099921886,0.028600857052503592,-0.10465292924381675,1003.7182858659928
S&P 500,2012-02-28,False,False,0.186689148865395,-0.039633039674610515,0.032959525311067495,-0.10465292924381675,968.1384928111081
S&P 500,2012-03-13,False,False,0.18015897697653127,-0.059746098544840365,0.007586042847500529,-0.10465292924381675,788.3308110204567
S&P 500,2012-03-27,False,False,0.1718927988657697,-0.06357805880369671,0.033875774458061336,-0.10465292924381675,935.107927379876
S&P 500,2012-04-11,False,False,0.12558984820041097,-0.010303357976245486,0.05388764924929479,-0.09529303913595477,867.8690338720025
S&P 500,2012-04-25,False,False,0.16972405703142712,-0.02036128762354572,0.034933406334638484,-0.09529303913595477,435.31205544213725
S&P 500,2012-05-09,False,False,0.18944865094171703,0.026524305952581706,0.041629060474488,-0.060677973089759085,336.98798159157815
S&P 500,2012-05-23,False,False,0.18293134415741807,0.07259256498567801,0.02739528948799208,-0.07821771010506229,269.38645564354346
S&P 500,2012-06-07,False,False,0.16532449894956613,0.0673321413923409,0.07397159587442914,-0.07981252592958032,240.48732839711872
S&P 500,2012-06-21,False,False,0.2515494512659249,0.09745383326175805,0.06847213953415299,-0.07981252592958032,191.36710108913468
S&P 500,2012-07-06,False,False,0.2114602733259412,0.06419100722554028,0.03464118085914958,-0.07981252592958032,90.25561377730807
S&P 500,2012-07-20,False,False,0.21273854800038716,0.055294693958184205,0.07628621877827513,-0.07981252592958032,89.5012717886301
S&P 500,2012-08-03,False,False,0.24971767081252771,0.015104754521906294,0.08066242395837886,-0.07981252592958032,87.61070558579986
S&P 500,2012-08-17,False,False,0.3032212744107978,-0.04519727549768593,0.06897501936962502,-0.07981252592958032,78.97131196736362
S&P 500,2012-08-31,False,False,0.2372066229438996,0.006639454482088247,0.07490748947021064,-0.07981252592958032,66.05737972566739
S&P 500,2012-09-17,False,False,0.2406463421935543,-0.028981693727605062,0.06191569732547997,-0.07682670742167286,70.77862597430529
S&P 500,2012-10-01,False,False,0.21490645647425488,-0.029549826366390697,0.07875475102093432,-0.07682670742167286,77.66526089735892
S&P 500,2012-10-15,False,False,0.19661222056105032,0.020991524820090923,0.10111787622196555,-0.07649136312564231,80.59745545354957
S&P 500,2012-10-31,False,False,0.14148600982790427,0.06555766943647257,0.11556489888004329,-0.05397975699896751,76.84908502872922
S&P 500,2012-11-14,False,False,0.12206649039319384,0.11417229486731095,0.18237200222386551,-0.03302395185087992,76.43490229413574
S&P 500,2012-11-29,False,False,0.14639568212556942,0.0682680349881224,0.1532836878136754,-0.03302395185087992,75.40029045213525
S&P 500,2012-12-13,False,False,0.12946465479257263,0.09089739105308503,0.14648566147191833,-0.03676979565041538,72.56709362411962
S&P 500,2012-12-28,False,False,0.0990321549901454,0.10830457738732502,0.1270547005642877,-0.04972556036856535,62.7748669808883
S&P 500,2013-01-14,False,False,0.1373659272041179,0.08012635140187463,0.10925175095492179,-0.05927870990464701,63.90084156940379
S&P 500,2013-01-29,False,False,0.14521864899856407,0.05000722944357072,0.11731725281431427,-0.05927870990464701,73.79508242111466
S&P 500,2013-02-12,False,False,0.12841577308525487,0.06819970735655456,0.11648416439951959,-0.05927870990464701,89.37638870957288
S&P 500,2013-02-27,False,False,0.13016070636969612,0.08501565282555301,0.08231590514253817,-0.05927870990464701,104.0220489366881
S&P 500,2013-03-13,False,False,0.1992250991658615,0.0555882704188333,0.05338917112251895,-0.05927870990464701,49.31677643947741
S&P 500,2013-03-27,False,False,0.16447241695787884,0.018750123176962674,0.08691328204249515,-0.05927870990464701,50.317372808361014
S&P 500,2013-04-11,False,False,0.19237967178742377,0.02912539955304716,0.06183147384764531,-0.05927870990464701,-0.9499999900117739
S&P 500,2013-04-25,False,False,0.15054978627227733,0.06731002337074354,0.06880108764376303,-0.05927870990464701,16.749378578996943
S&P 500,2013-05-09,False,False,0.19553094389998016,0.04828445704296502,0.08554560000305145,-0.05927870990464701,35.32334867134712
S&P 500,2013-05-23,False,False,0.2150786870809238,-0.0026997476830148415,0.06858923897673908,-0.05381196549680478,-0.9499999998523467
S&P 500,2013-06-07,False,False,0.2562983260000129,-0.002199099296314344,0.09255817722301263,-0.04882987575859854,6.522716482567081
S&P 500,2013-06-21,False,False,0.2183230042331763,0.06816315886553248,0.11259857658216976,-0.04742595744121836,20.133474807357388
S&P 500,2013-07-08,False,False,0.222174745196833,0.03270607429459815,0.11588613985730056,-0.04742595744121836,11.85430432301482
S&P 500,2013-07-22,False,False,0.24135891166412016,0.0014910642730194823,0.08305739014245983,-0.04742595744121836,-0.6470122672194156
S&P 500,2013-08-05,False,False,0.3756556323695053,0.037261142960086424,0.04266995362997239,-0.04594502673760381,-0.9499999932626735
S&P 500,2013-08-19,False,False,0.34794079219043894,0.07128898665975392,0.08931316373326581,-0.05933884325326133,74.27218445418926
S&P 500,2013-09-03,False,False,0.3133851094303095,0.09475727651932697,0.1179883130225905,-0.05933884325326133,82.85906986708613
S&P 500,2013-09-17,False,False,0.3791936590319285,0.04443541771663728,0.09124590582959247,-0.05933884325326133,85.29910913825078
S&P 500,2013-10-01,False,False,0.3931255990934357,0.08318006556270241,0.09591069401574881,-0.05933884325326133,82.04419170082167
S&P 500,2013-10-15,False,False,0.3389652724298928,0.08156632586944035,0.08675805896039002,-0.05933884325326133,80.89767452470653
S&P 500,2013-10-29,False,False,0.3586641924840501,0.005408810669885966,0.0567360383643587,-0.05933884325326133,69.8942445378048
S&P 500,2013-11-12,False,False,0.35705721451635153,0.018024177073511893,0.06064559875807163,-0.05933884325326133,54.598779353076885
S&P 500,2013-11-26,False,False,0.37051518856405163,0.023231036503263525,0.04622069597276912,-0.05933884325326133,44.53450872096543
S&P 500,2013-12-11,False,False,0.38249859164497924,0.046810488112955184,0.08506527632529348,-0.05933884325326133,37.60776281987255
S&P 500,2013-12-26,False,False,0.38165768278628054,0.0127306284530464,0.06181631531817633,-0.05933884325326133,22.304044725169668
S&P 500,2014-01-10,False,True,0.35356960918627767,0.005191733090949668,0.07478773875895417,-0.05933884325326133,1.9992765381302569
S&P 500,2014-01-27,False,True,0.3056242504867557,0.05132722769447273,0.10470801771680804,-0.040587390630383524,4.724105750017471
S&P 500,2014-02-10,True,True,0.2872228589212771,0.042621421684559735,0.06730614607665242,-0.040587390630383524,38.6102059075788
S&P 500,2014-02-25,True,True,0.3008918006868937,0.022989659469505597,0.057876600363575115,-0.040587390630383524,34.864018058632375
S&P 500,2014-03-11,True,True,0.2922920762597938,0.0382547882123383,0.0701605099846434,-0.040587390630383524,26.092846217268708
S&P 500,2014-03-25,False,True,0.28317183651842814,0.04908568686512993,0.061587098581447286,-0.040587390630383524,19.374569876348446
S&P 500,2014-04-08,False,True,0.2886905397604673,0.0695960056680045,0.06574062396892266,-0.04024098021703448,27.735066474137927
S&P 500,2014-04-23,False,False,0.292358709272742,0.05338079002233531,-0.000346667985185789,-0.07034112492021993,329.57140431330487
S&P 500,2014-05-07,False,False,0.3243135168810536,0.024684724392092683,0.043456587973185634,-0.07689680596625248,128.32487009961912
S&P 500,2014-05-21,False,False,0.3573871764310317,0.03488694089406952,0.07656253483700048,-0.07689680596625248,151.9407957994543
S&P 500,2014-06-05,False,False,0.3810145639958993,0.03190572177230511,0.06433846169935453,-0.07689680596625248,140.2028506429387
S&P 500,2014-06-19,False,False,0.3837328337188408,0.012501411716317357,0.049939511642278056,-0.07689680596625248,110.87847057964417
S&P 500,2014-07-03,False,True,0.3839153947243936,-0.003855381699081839,0.04757005932810188,-0.07689680596625248,-0.6558240992606823
S&P 500,2014-07-18,False,True,0.3817077175341801,-0.0537274580075211,0.04154679083543211,-0.07689680596625248,-0.9499919865987305
S&P 500,2014-08-01,False,True,0.3226616220383871,0.01877186358109295,0.06372333805555996,-0.07689680596625248,10.540314848063502
S&P 500,2014-08-15,False,True,0.3210818078277642,0.041675593942930966,0.05008360446996907,-0.07689680596625248,-0.33258291941390405
S&P 500,2014-08-29,False,True,0.354836204791507,0.032432739927049425,0.05169599530596525,-0.07689680596625248,1.554990780674892
S&P 500,2014-09-15,False,True,0.3072099966343744,0.0374380999259607,0.04691325156540849,-0.07689680596625248,0.13604835208724797
S&P 500,2014-09-29,False,True,0.31335692257256476,0.051425441027183716,0.06205471703235066,-0.06007084386826467,-0.9499513213108157
S&P 500,2014-10-13,False,False,0.2535190312703355,0.09527424884295321,0.10213197196824453,-0.05071607314419957,59957.37312285701
S&P 500,2014-10-27,False,False,0.31778807879982196,0.04495147447446701,0.06687029092332164,-0.05071607314419957,99302.68378305064
S&P 500,2014-11-10,False,False,0.4095283182485856,0.008408010527038101,0.02480913309725974,-0.05071607314419957,12897.419912845948
S&P 500,2014-11-24,False,False,0.3793003560039345,0.019263255378915822,0.02783921775587661,-0.05071607314419957,434.61397428363034
S&P 500,2014-12-09,False,False,0.3764931708328625,0.009475151639447787,0.025996398292490674,-0.04796131851970742,58525.25300662609
S&P 500,2014-12-23,False,False,0.3784040700767388,0.010629276005166943,0.008736236846560885,-0.04796131851970742,11.098760960707832
S&P 500,2015-01-08,False,False,0.3368912778457869,0.006857723125291315,0.007382474988069987,-0.03711670451517257,-0.949999995483175
S&P 500,2015-01-23,False,False,0.3119563414412223,0.021918816448854628,0.034710409954636035,-0.040287919563407826,64.59007309912246
S&P 500,2015-02-06,False,False,0.30157713053521906,0.016401122570221638,0.02553387387119166,-0.040287919563407826,246.54945906314208
S&P 500,2015-02-23,False,False,0.33132252417030994,0.008575962376960788,-0.01253043199861903,-0.040287919563407826,163.7129071852019
S&P 500,2015-03-09,False,True,0.2853396042645606,0.016521246653042887,-0.045135700438676984,-0.13184738354102343,94.30728567314162
S&P 500,2015-03-23,False,False,0.2934803326011419,-0.001893039158606058,-0.07055978859002288,-0.13184738354102343,414.2079650966506
S&P 500,2015-04-07,False,False,0.26759148077439665,0.0005247518627786718,-0.0723879048592968,-0.13184738354102343,1831.7535308180588
S&P 500,2015-04-21,False,False,0.2818044955334873,0.012791593505781407,-0.04008144297049476,-0.13184738354102343,1637.8727768955964
S&P 500,2015-05-05,False,False,0.24605828966470256,0.009132751300970021,-0.006872247720711044,-0.13184738354102343,1774.985868459621
S&P 500,2015-05-19,False,False,0.25456989799568586,-0.021106394375579818,-0.01354642130185546,-0.13184738354102343,2117.0932549320646
S&P 500,2015-06-03,False,False,0.25220680548399876,-0.06165694709171987,-0.011848211070025094,-0.13065462486276402,3308.8471845337713
S&P 500,2015-06-17,False,False,0.289105002164856,-0.06866674943141682,-0.011188538982550789,-0.13065462486276402,8593.528734993517
S&P 500,2015-07-01,False,False,0.22894637337791135,-0.07291265672207548,-0.027460033413023055,-0.13065462486276402,9260.767936310143
S&P 500,2015-07-16,False,False,0.22729590731774785,-0.05287303647627617,-0.06517235876585126,-0.13065462486276402,18217.10820658913
S&P 500,2015-07-30,False,False,0.2169584006609977,-0.016004999021681066,-0.12064021936889091,-0.12637225083994696,71112.0066379961
S&P 500,2015-08-13,False,False,0.23179782081097855,0.0075599730737243576,-0.08404376696046789,-0.12637225083994696,73363.31304551956
S&P 500,2015-08-27,False,False,0.18431789665132126,0.04980873602169478,-0.03578980236774765,-0.14277535080896797,66.20186422086705
S&P 500,2015-09-11,False,False,0.12795160314839293,0.05747821044886603,0.019662106476336483,-0.14277535080896797,53.983054045494306
S&P 500,2015-09-25,False,False,0.13119819602258165,0.04545262330905242,0.05942088725226746,-0.14277535080896797,39.367225124958495
S&P 500,2015-10-09,False,False,0.15734534905135522,-0.012299322289575088,0.02511262483156962,-0.14277535080896797,3.9580550239114443
S&P 500,2015-10-23,False,False,0.1628406349408804,-0.10463522034720985,0.009205116957335946,-0.14277535080896797,8.321206143012795
S&P 500,2015-11-06,False,False,0.1638199673767895,-0.09160374003419225,-0.008501171601891677,-0.13937580231742874,-0.7496844308205186
S&P 500,2015-11-20,False,False,0.14497154534521783,-0.08559853838944242,-0.010833085587537816,-0.13937580231742874,-0.9499999903411771
S&P 500,2015-12-07,False,False,0.1568762061189437,-0.03781610397252955,0.00952560516222345,-0.12776608851351945,-0.8445876701368427
S&P 500,2015-12-21,False,False,0.0931405033193542,0.013968263943215042,0.026448723201440316,-0.12776608851351945,-0.6682026886211112
S&P 500,2016-01-06,False,False,0.08986847141359,0.037411947121144706,0.02276599684201397,-0.0844522043479472,-0.939823564867881
S&P 500,2016-01-21,False,False,0.04178687916220181,0.11384033730454579,0.14119923221970776,-0.05899858746496456,-0.9499999984936558
S&P 500,2016-02-04,False,False,0.051253427374984284,0.08310256843230057,0.12319736704368545,-0.057583799769149735,3829.7203786507835
S&P 500,2016-02-19,False,False,0.03860226916234488,0.07476545280190461,0.12608563973832432,-0.057583799769149735,1964.06260644688
S&P 500,2016-03-04,False,False,0.068166801319264,0.047341709134752996,0.08408874026319868,-0.057583799769149735,2106.2837360282474
S&P 500,2016-03-18,False,False,0.10106643399234638,0.012480459258225274,0.062286119637913195,-0.057583799769149735,-0.9499999543836068
S&P 500,2016-04-04,False,False,0.09857367949150309,-0.014645950279130737,0.052353194578098616,-0.057583799769149735,32.400972239814195
S&P 500,2016-04-18,False,False,0.10870637626594615,0.02735889491516197,0.03122613895070181,-0.057583799769149735,-0.949999995191575
S&P 500,2016-05-02,False,False,0.104110519170729,0.040094798611384874,0.028376717568781906,-0.057583799769149735,-0.17758101819331795
S&P 500,2016-05-16,False,False,0.08804031797488765,0.05132018693641971,0.01058893490510382,-0.057583799769149735,0.7966994488221024
S&P 500,2016-05-31,False,False,0.07294176310272427,0.036747031128445684,0.04210177868667664,-0.057583799769149735,-0.9042758387207139
S&P 500,2016-06-14,False,False,0.055707706037476434,0.04980566037968792,0.05467614482614547,-0.05484303917847466,42.389163649236615
S&P 500,2016-06-28,False,False,0.029122002066064745,0.06699914485722935,0.10347921091208256,-0.04911484003912925,30.22687452198769
S&P 500,2016-07-13,False,False,0.08672291557410272,0.0038672440355398408,0.04780680470072607,-0.04911484003912925,2.230266380562229
S&P 500,2016-07-27,False,False,0.11098270964258461,-0.011718081042602968,0.047462113661628,-0.04911484003912925,-0.949999997772677
S&P 500,2016-08-10,False,False,0.09833752535234819,-0.04073125203131589,0.04672415463413948,-0.04911484003912925,451.53477940249775
S&P 500,2016-08-24,False,False,0.08294437007375866,0.0053547475582309545,0.07686521247041878,-0.047437785794613774,610.7219327736058
S&P 500,2016-09-08,False,False,0.08728401134504349,0.004870484446457546,0.0879858005942662,-0.045065901957030086,250.2753296693272
S&P 500,2016-09-22,False,False,0.09883510622619873,0.03648006605485321,0.08964967225534615,-0.0431752803434291,130.20200809732495
S&P 500,2016-10-06,False,False,0.1404170513882148,0.04393956066518623,0.09160643054442108,-0.03694604166868842,116.33070257130518
S&P 500,2016-10-20,False,False,0.0757877149689854,0.05918019470423097,0.08398565879854125,-0.031231141941766793,275.8163657646977
S&P 500,2016-11-03,False,False,0.0237297106140808,0.08745540666545537,0.13234094785419526,-0.02836646815479149,260.4506817923091
S&P 500,2016-11-17,False,False,0.05647285495665244,0.07151046491218782,0.0890841597391514,-0.02836646815479149,43.596472329040516
S&P 500,2016-12-02,False,False,0.07865902373160516,0.08311531614780865,0.09724726588148336,-0.02836646815479149,26.010931890640077
S&P 500,2016-12-16,False,False,0.08123922080201051,0.053169606200492936,0.07312965674198502,-0.02836646815479149,22.724476112218618
S&P 500,2017-01-03,False,False,0.0990993050777833,0.04766686987923485,0.07721263741414486,-0.02836646815479149,19.657680944249467
S&P 500,2017-01-18,False,False,0.0993196315655629,0.02480546409431028,0.06543803207006249,-0.02836646815479149,-0.21385983552635324
S&P 500,2017-02-01,False,False,0.10772979797894333,0.044885541188739886,0.08312250817905653,-0.02836646815479149,-0.7743078823967409
S&P 500,2017-02-15,False,False,0.10481440063164094,0.017573694826963582,0.052111912468715715,-0.02836646815479149,-0.9499999989459607
S&P 500,2017-03-02,False,False,0.15291988860276806,0.014131949733674709,0.029205141598573015,-0.02389063607526598,-0.9410380851538891
S&P 500,2017-03-16,False,False,0.12979859054728138,0.01996005054149208,0.034730763810753906,-0.022567069886950897,-0.6786837441374316
S&P 500,2017-03-30,False,False,0.12879018822630428,0.029545767534910006,0.057510228531852725,-0.022567069886950897,-0.4762453464860483
S&P 500,2017-04-13,False,False,0.09969686452512416,0.04063256797575221,0.08585641604481431,-0.022567069886950897,9022.979320462839
S&P 500,2017-04-28,False,False,0.13642365836413273,0.038236966990316645,0.07163571106146449,-0.022567069886950897,7806.534325167846
S&P 500,2017-05-12,False,False,0.11749805461108753,0.034538217641752134,0.075871524520708,-0.022567069886950897,8348.866179098668
S&P 500,2017-05-26,False,False,0.1420843324784542,0.015073191864898305,0.05977156298676345,-0.022567069886950897,8383.438377217093
S&P 500,2017-06-12,False,False,0.13563933434945774,0.014770713269261826,0.08600589169489581,-0.022567069886950897,26.527112587214184
S&P 500,2017-06-26,False,True,0.16079821574353925,0.02796446099694272,0.08370099983787771,-0.022567069886950897,41.89994392230023
S&P 500,2017-07-11,False,True,0.13150685005568263,0.0452238480690621,0.09737958998148599,-0.022567069886950897,61.27076481033322
S&P 500,2017-07-25,False,True,0.16333629655536708,0.033398744071147846,0.11406171519647224,-0.022567069886950897,74.45058991388187
S&P 500,2017-08-08,False,False,0.1683073853560879,0.04133330687895587,0.13139015118307817,-0.020149717751158924,106.08659408536391
S&P 500,2017-08-22,False,False,0.20954535825379406,0.044698371121865144,0.08231875944341738,-0.10713465009396028,185.82636640602468
S&P 500,2017-09-06,False,False,0.23302883864976298,0.07123517842563398,0.0959500837619025,-0.10713465009396028,195.78359309266324
S&P 500,2017-09-20,False,False,0.28736847407663646,0.05573653884093499,0.09183048762998514,-0.10713465009396028,188.2988854537404
S&P 500,2017-10-04,False,False,0.22943464211943976,0.05215574191242389,0.026158757969677815,-0.10713465009396028,180.63391516050297
S&P 500,2017-10-18,False,False,0.21238086847214888,0.08066297112532439,0.03932566635231449,-0.10713465009396028,172.71059736790951
S&P 500,2017-11-01,False,False,0.215856341838065,0.09005684430412231,0.03339037800751843,-0.10713465009396028,167.97187599271157
S&P 500,2017-11-15,False,False,0.20627916839141847,0.037620388321552234,0.05994958015353724,-0.10713465009396028,167.57233798252048
S&P 500,2017-11-30,False,False,0.2491988175634079,0.024714905336268522,0.029834718553690465,-0.10713465009396028,139.24916181257373
S&P 500,2017-12-14,False,True,0.2628730826597385,0.036093948789050145,0.04678410956118739,-0.10713465009396028,75.54279648116224
S&P 500,2017-12-29,False,True,0.3191501871998996,-0.025996983942746077,0.02994418286928635,-0.10713465009396028,-0.9499999939063253
S&P 500,2018-01-16,True,True,0.3756834004922691,-0.0413373047730099,0.0027874758741646133,-0.10713465009396028,5.768927205346941
S&P 500,2018-01-30,True,True,0.40629979363681645,-0.05666646629660388,-0.0054890267480960375,-0.0899101370715858,-0.9499999967497175
S&P 500,2018-02-13,False,True,0.3139117399994369,0.022329191831985007,0.06802854748644105,-0.07629370280606906,33.80055938397608
S&P 500,2018-02-28,False,False,0.3043341514374971,0.005119813217421942,0.05142869110104531,-0.07629370280606906,178.25069678166773
S&P 500,2018-03-14,False,False,0.29279177131477496,0.010690160772137247,0.05216725678080181,-0.06381378699083395,585.0815752008773
S&P 500,2018-03-28,False,False,0.24195173806718184,0.05594116681203243,0.10876318568584775,-0.031797277659761924,562.7788376076213
S&P 500,2018-04-12,False,False,0.23750674727273413,0.04412478064717451,0.09293256602014743,-0.031797277659761924,549.2662411100224
S&P 500,2018-04-26,False,False,0.25659110046463685,0.05117743954850784,0.05222425979446843,-0.07155395880428994,536.084215880158
S&P 500,2018-05-10,False,False,0.28528207375210535,0.04569935565445604,-0.01496233228399202,-0.10400607302167142,3.7209163316722638
S&P 500,2018-05-24,False,False,0.26186247987895506,0.04630887788362337,-0.0020477583273592614,-0.10400607302167142,8.779889242779726
S&P 500,2018-06-08,False,False,0.29382897385216467,0.04147709600866456,-0.01276176585079103,-0.1073015837691047,13.346921874046735
S&P 500,2018-06-22,False,False,0.28545331357317316,0.052822018873815324,-0.0386104344793603,-0.1073015837691047,-0.9499999967117478
S&P 500,2018-07-09,False,True,0.25210694830246894,0.04880778537297292,-0.1133793778944483,-0.22037501754239308,-0.9499999951806393
NASDAQ,2000-12-22,False,False,0.1309658747574165,-0.2824330692778698,-0.23562970808045414,-0.5565600469946279,2186.5931507084347
NASDAQ,2001-01-09,False,False,0.013663613809533182,-0.31311228914948774,-0.12765840186562372,-0.5565600469946279,1390.0042564299374
NASDAQ,2001-01-24,False,False,0.14897374689602927,-0.2788387037045865,-0.32427122823536525,-0.5565600469946279,1996.5183787856602
NASDAQ,2001-02-07,False,False,0.14806903409234273,-0.17391470608330817,-0.2518936472846871,-0.464550352762533,1831.5089483917254
NASDAQ,2001-02-22,False,False,-0.008975347334566841,-0.020739599675804854,-0.13343464056838616,-0.34263366637440207,1798.630786872265
NASDAQ,2001-03-08,False,False,-0.11332555369641018,-0.0059195801002180914,-0.15089141509279358,-0.2801774369560013,1884.0148516622958
NASDAQ,2001-03-22,False,False,-0.26008765318429283,0.04680336119741568,-0.19911563779824437,-0.39738588324759405,2046.32165062445
NASDAQ,2001-04-05,False,False,-0.34554262862098994,0.18545388728386403,-0.1790797877660708,-0.4860120567371151,2302.2189588306696
NASDAQ,2001-04-20,False,False,-0.15591684855737586,-0.04543252453077873,-0.22815861565231899,-0.4860120567371151,2267.300217820957
NASDAQ,2001-05-04,False,False,-0.16396434915472113,-0.07797894120137894,-0.27332839854127133,-0.4860120567371151,2108.850934467601
NASDAQ,2001-05-18,False,False,-0.09546811167447888,-0.11269504089258131,-0.15025548606862138,-0.4860120567371151,-0.9499999999834641
NASDAQ,2001-06-04,False,False,-0.12700014259798653,-0.1449718349925755,-0.13271999104014576,-0.4642323708716365,-0.9499999874452714
NASDAQ,2001-06-18,False,False,-0.2496860348998462,-0.24591899899566005,0.011375094187123125,-0.41745741903302314,-0.9499999883723076
NASDAQ,2001-07-02,False,False,-0.26132696583308057,-0.36453367504993484,-0.08358515290570878,-0.41197151304616586,-0.9499999994385111
NASDAQ,2001-07-17,False,False,-0.23661197179194637,-0.18272609112154026,-0.021938542381372272,-0.38300884554017767,120.60709826525651
NASDAQ,2001-07-31,False,False,-0.2172330476722868,-0.1953494573398924,-0.04191957590758477,-0.38300884554017767,218.7570609043188
NASDAQ,2001-08-14,False,False,-0.32522075885638646,-0.03756044517604007,-0.06187442533503429,-0.3223522562536152,377.4901984902839
NASDAQ,2001-08-28,False,False,-0.41958848280332184,0.01225184395242973,-0.054046367078577795,-0.2703495289844122,1116.864216692928
NASDAQ,2001-09-18,False,False,-0.5955999515935249,0.2572940931827832,0.1988099811332278,-0.18226906421424083,-0.9499999927091163
NASDAQ,2001-10-02,False,False,-0.6291628977666441,0.28094852214422605,0.20078648571853908,-0.18226906421424083,20.568178963686012
NASDAQ,2001-10-16,False,False,-0.44533733518045704,0.16078754874016798,0.025795752932560312,-0.18226906421424083,13.631513652559768
NASDAQ,2001-10-30,False,False,-0.5811985468753846,0.15342988143230762,0.02717311726923821,-0.18396024781596676,12.716707299672558
NASDAQ,2001-11-13,False,False,-0.5548713758959991,-0.02431398015899422,-0.10924906423699543,-0.26889915899202954,17.947167078966597
NASDAQ,2001-11-28,False,False,-0.5745650217040676,-0.06629821103100753,-0.12061482796630774,-0.26889915899202954,23.441786909339623
NASDAQ,2001-12-12,False,False,-0.5881914851678252,-0.05848411204955539,-0.2574226806905209,-0.2810065343625796,-0.9499999912945256
NASDAQ,2001-12-27,False,False,-0.7141825185951012,-0.08016203642568698,-0.29960257016699643,-0.3407203303709023,1924.4328511020258
NASDAQ,2002-01-11,False,False,-0.6712246486792344,-0.13499179580760767,-0.3338827014774095,-0.39843414025127366,1278.8446205470607
NASDAQ,2002-01-28,False,False,-0.6929542517881657,-0.1262567641630694,-0.3877138181809121,-0.3877138181809121,1086.5655678298428
NASDAQ,2002-02-11,False,False,-0.86719133895041,-0.08493508407800121,-0.3919004198007352,-0.45110747353610936,993.9309489808259
NASDAQ,2002-02-26,False,False,-0.9520255256261336,-0.05431661693530021,-0.2609768728467401,-0.470031628206768,1621.1228229685394
NASDAQ,2002-03-12,False,False,-0.9503747692251272,-0.19893856864096549,-0.3666143716627186,-0.45301954565566405,1490.597987534791
NASDAQ,2002-03-26,False,False,-0.9999902747189777,-0.21944053374130945,-0.35748897265215973,-0.43466669760551024,1412.772009310238
NASDAQ,2002-04-10,False,False,-0.8629483167585077,-0.19889090566980183,-0.4105598424383947,-0.4383082943549237,1382.7925164935539
NASDAQ,2002-04-24,False,False,-0.7729186906746941,-0.2614570540178427,-0.3391594475986075,-0.446627787069529,1360.1950339020625
NASDAQ,2002-05-08,False,False,-0.7483177299274848,-0.306965335722734,-0.2539759245214004,-0.446627787069529,1344.0241556728827
NASDAQ,2002-05-22,False,False,-0.637123546437004,-0.20666025591143988,-0.23786946728145697,-0.4211772972401162,1398.3446638847483
NASDAQ,2002-06-06,False,False,-0.9038812668492495,-0.1676758030217531,-0.048073311041663125,-0.3333425090169442,1427.9148443991664
NASDAQ,2002-06-20,False,False,-1.0204855939209372,-0.13804843891085028,-0.05183421194012183,-0.27362871300862146,1591.4980737143337
NASDAQ,2002-07-05,False,False,-1.0059560999803079,-0.21166893676859289,-0.0538198563816108,-0.2623760050568462,555.2889081953758
NASDAQ,2002-07-19,False,False,-1.154413967138253,-0.0777023935807648,0.08658546178753301,-0.24467628058631696,81.79244808536212
NASDAQ,2002-08-02,False,False,-1.1029088102937337,0.0529894112013336,0.07278716560497411,-0.24467628058631696,44.17830698658043
NASDAQ,2002-08-16,False,False,-1.063174462277642,-0.031209211370017087,-0.059439195164680214,-0.24467628058631696,14.461830527025876
NASDAQ,2002-08-30,False,False,-1.1628727391426947,0.11960249198008999,0.005710574745100061,-0.16964402390222766,6.09876023059619
NASDAQ,2002-09-16,False,False,-1.1005932611985143,0.08621422697072845,0.0019496844778394973,-0.15253454429041113,-0.9499998214915206
NASDAQ,2002-09-30,False,False,-1.1421968431667633,0.1578490803869821,0.15588722945233613,-0.15721888475179835,-0.9499999728891373
NASDAQ,2002-10-14,False,False,-0.9997062094268285,0.16428785536829782,0.12966595980561024,-0.15721888475179835,-0.9499999721503949
NASDAQ,2002-10-28,False,False,-0.9128757182041598,0.01979775440364051,0.09803342576088347,-0.15721888475179835,48.39407530727713
NASDAQ,2002-11-11,False,False,-0.831211360160232,-0.028229983794663127,0.14413025768954935,-0.15721888475179835,104.82980333840518
NASDAQ,2002-11-25,False,False,-0.6646353506837119,-0.11389191723498993,0.006182308922384472,-0.15721888475179835,197.25923796467404
NASDAQ,2002-12-10,False,False,-0.7737826621254014,-0.08426454249288895,0.1615783613346622,-0.13894059266015368,274.4060870017575
NASDAQ,2002-12-24,False,False,-0.5970833597375087,-0.001961850934645959,0.2004779556000953,-0.13894059266015368,289.45427257099277
NASDAQ,2003-01-09,False,False,-0.562343160801742,-0.03462189556268758,0.15446447347697756,-0.13894059266015368,342.9242770386467
NASDAQ,2003-01-24,False,False,-0.7188907097730848,0.07823567135724296,0.23519751196910832,-0.06588356561296482,392.4307129571596
NASDAQ,2003-02-07,False,False,-0.6920237620686942,0.17236024148421247,0.30223106887343487,-0.059204729124838984,371.82508975141945
NASDAQ,2003-02-24,False,False,-0.5370416737171189,0.1200742261573744,0.2513950638944049,-0.06521569450056486,404.5475497252096
NASDAQ,2003-03-10,False,False,-0.47360916115887175,0.24584290382755114,0.3423008648897019,-0.06521569450056486,491.3168137823286
NASDAQ,2003-03-24,False,False,-0.3421856949244839,0.20243980653474125,0.30325071989380437,-0.06521569450056486,783.3074107604152
NASDAQ,2003-04-07,False,False,-0.21358238832646226,0.18908636903966514,0.25442017195236755,-0.06521569450056486,769.2692023213925
NASDAQ,2003-04-22,False,False,-0.34987482669131964,0.15696184061186536,0.2773784826820833,-0.06636301109539211,114.57830786269896
NASDAQ,2003-05-06,False,False,-0.35522288348427544,0.1298708273892224,0.20242921388111412,-0.06636301109539211,143.56039380730735
NASDAQ,2003-05-20,False,False,-0.43582927382422554,0.13132083773703052,0.27890172832863946,-0.06636301109539211,209.44295366464937
NASDAQ,2003-06-04,False,False,-0.3122127274547859,0.09645796106215077,0.14719890858692164,-0.06636301109539211,330.2105917595408
NASDAQ,2003-06-18,False,False,-0.17238047594065442,0.10081091335906311,0.15014947199433504,-0.06636301109539211,533.8023565709067
NASDAQ,2003-07-02,False,False,-0.24314207059604698,0.06533380291270241,0.15276179870535955,-0.06636301109539211,1003.6953256713155
NASDAQ,2003-07-17,False,False,-0.17173681571308919,0.12041664207021796,0.20178897570344922,-0.06636301109539211,1506.2721008643339
NASDAQ,2003-07-31,False,False,-0.1757466833804111,0.07255838649189172,0.19993005096423566,-0.06636301109539211,1501.5645358654579
NASDAQ,2003-08-14,False,False,-0.12091869060917926,0.14758089059160895,0.17205148404977333,-0.06705537616616919,1411.419508069474
NASDAQ,2003-08-28,False,False,-0.023600249317776267,0.050740947524770874,0.1240479234092593,-0.06705537616616919,1396.310554681322
NASDAQ,2003-09-12,False,False,0.19407205987115095,0.04933855863527192,0.09878214516635797,-0.07138423026590335,1439.6465000188314
NASDAQ,2003-09-26,False,False,0.12543393493204036,0.08742799579265714,0.0795588506724112,-0.10497219727539253,1541.427642144411
NASDAQ,2003-10-10,False,False,0.1513248985984248,0.08137233363323126,0.07145169373642624,-0.12444685701182756,1654.919434145204
NASDAQ,2003-10-24,False,False,0.09873050259144822,0.12737166447234394,0.07973304804430725,-0.12444685701182756,1032.8703493853175
NASDAQ,2003-11-07,False,False,0.0348777069767543,0.02447059345816438,-0.016381155117692003,-0.12444685701182756,1841.7463357749987
NASDAQ,2003-11-21,False,False,-0.020580064878767956,0.07330697588448842,-0.009144685640156247,-0.137764737116032,2016.9858397664173
NASDAQ,2003-12-08,False,False,0.0012014120850789567,0.04944358653108605,0.021282065912410886,-0.137764737116032,2053.8675969495425
NASDAQ,2003-12-22,False,False,-0.01595746862026104,-0.007869145120245946,0.02146243675765902,-0.137764737116032,2133.5973104461823
NASDAQ,2004-01-07,False,False,0.042745429977585125,-0.009920639896805028,-0.014490671962484214,-0.137764737116032,2208.6597060294603
NASDAQ,2004-01-22,False,False,0.11279141889098021,-0.047638616428036684,-0.10242793897919,-0.137764737116032,2451.8319386924336
NASDAQ,2004-02-05,False,False,0.09626584528516346,-0.040851748575856384,-0.07104421601651545,-0.1277684992908279,2859.458888351004
NASDAQ,2004-02-20,False,False,0.1512451134368833,-0.08245166152464467,-0.15089698523864392,-0.17090715547159618,1990.72921930615
NASDAQ,2004-03-05,False,False,0.09501572322756768,-0.028161520618675162,-0.09992023234995262,-0.17090715547159618,4895.745621957512
NASDAQ,2004-03-19,False,False,0.0603917651402881,0.029331581877904966,-0.024075509550531393,-0.17090715547159618,5249.452144138066
NASDAQ,2004-04-02,False,False,0.17596504852380335,-0.004570032065679186,-0.09033608177159547,-0.17090715547159618,16247.091085256223
NASDAQ,2004-04-19,False,False,0.16465563968178465,-0.05478932255115332,-0.0510008409601328,-0.15668997342114643,12219.013345680978
NASDAQ,2004-05-03,False,False,0.16095573907887317,-0.030192467440659065,-0.012237211700399264,-0.155723553832126,11662.299098090458
NASDAQ,2004-05-17,False,False,0.100249788109811,-0.06844532371399925,0.0829470842493798,-0.155723553832126,16891.092409660887
NASDAQ,2004-06-01,False,False,0.2596784859008121,-0.07175871173127746,0.03933134367820035,-0.155723553832126,2689.3097710422676
NASDAQ,2004-06-16,False,False,0.3269522476416036,-0.05340709142843636,0.07378728983622906,-0.155723553832126,223.78775343961453
NASDAQ,2004-06-30,False,False,0.37628982030872926,-0.08576604970591628,0.0383509444268304,-0.155723553832126,305.6796622460454
NASDAQ,2004-07-15,False,False,0.39959279522299607,0.0037884815910205205,0.0971522013515802,-0.08976032254741195,348.8199594547122
NASDAQ,2004-07-29,False,False,0.4445180806657083,0.0179552557402598,0.0974459679697075,-0.07664439216907581,656.7668625658727
NASDAQ,2004-08-12,False,False,0.22847298831366114,0.15139240796337905,0.1689524692901072,-0.0810754369804112,1120.405018773007
NASDAQ,2004-08-26,False,False,0.38260811835310626,0.1110900554094778,0.11917081478561808,-0.0810754369804112,732.4570189513641
NASDAQ,2004-09-10,False,False,0.4077906333246295,0.12719438126466542,0.0830742470966559,-0.0810754369804112,671.507286717774
NASDAQ,2004-09-24,False,False,0.437305132558647,0.12411699413274668,0.0703285514686538,-0.0810754369804112,1315.981856460974
NASDAQ,2004-10-08,False,False,0.4035450784765988,0.09336371976055968,0.0332136755863246,-0.09856200782187763,1448.5552901171884
NASDAQ,2004-10-22,False,False,0.38701114202024023,0.0794907122294477,-0.0036565359765328154,-0.1324289603790696,1395.1656972032463
NASDAQ,2004-11-05,False,False,0.41265137891648074,0.01756006132672816,-0.05924583155576446,-0.13451166117034496,1383.6159734551568
NASDAQ,2004-11-19,False,False,0.3601380348341108,0.008080759376140279,-0.04638357934440407,-0.13451166117034496,1333.8054305933636
NASDAQ,2004-12-06,False,False,0.43201554173077383,-0.04412013416800953,-0.03573617913685201,-0.13451166117034496,1383.1886982219312
NASDAQ,2004-12-20,False,False,0.4418427087526018,-0.053788442664092884,-0.028066079613670247,-0.13451166117034496,947.5870376665663
NASDAQ,2005-01-04,False,False,0.3756833805059152,-0.060150044174235084,-0.030177705308605418,-0.10162176749923013,85.81174972650717
NASDAQ,2005-01-19,False,False,0.44766521971646256,-0.08314724820598052,0.03299521657663984,-0.09321302266503828,7.7541565956211755
NASDAQ,2005-02-02,False,False,0.4701829040296319,-0.07680589288249262,0.04749363143911722,-0.09321302266503828,7.5783390990245
NASDAQ,2005-02-16,False,False,0.4515218960107745,-0.05446433872054435,0.04072254257720598,-0.09321302266503828,-0.9499999648738822
NASDAQ,2005-03-03,False,False,0.48175524576226003,0.00838395503115752,0.03759102154860372,-0.09321302266503828,-0.9499999874975629
NASDAQ,2005-03-17,False,False,0.3712935744878356,0.025722363050422636,0.07433854381763183,-0.05844684327797367,-0.9499999548249205
NASDAQ,2005-04-01,False,False,0.3613115962687026,0.029972338865629666,0.0595709889913687,-0.05844684327797367,-0.9192584126673786
NASDAQ,2005-04-15,False,False,0.26348743764850724,0.11614246478262036,0.09724021754314371,-0.05329905454568351,70.98365003675234
NASDAQ,2005-04-29,False,False,0.2432225476808707,0.12429952432160984,0.0845729822188801,-0.08496464308988383,117.41138959181363
NASDAQ,2005-05-13,False,False,0.28278040847714614,0.09518688129775033,0.08134857687339814,-0.08496464308988383,160.76981010167634
NASDAQ,2005-05-27,False,False,0.2319587057608965,0.0292070665174462,0.05264297087420644,-0.08496464308988383,175.45602801099648
NASDAQ,2005-06-13,False,False,0.22709533200325804,0.048616180767209194,0.0914862765665907,-0.08496464308988383,173.53721060919992
NASDAQ,2005-06-27,False,False,0.20659581320979115,0.029598650125739034,0.10014792347884072,-0.08496464308988383,189.0437196935757
NASDAQ,2005-07-12,False,False,0.22666087107523136,-0.018902247239476644,0.028595990271876204,-0.08496464308988383,183.44083368489515
NASDAQ,2005-07-26,False,False,0.2377092003919783,-0.039726542102729745,0.05659425032240595,-0.08496464308988383,187.3727018733322
NASDAQ,2005-08-09,False,False,0.24484624279777645,-0.013838304424352188,0.05878023680109479,-0.06891340791944156,206.61746955597138
NASDAQ,2005-08-23,False,False,0.16594454982756446,0.02343590435676024,0.05680453919590622,-0.06891340791944156,199.7034619892698
NASDAQ,2005-09-07,False,False,0.1628036446996477,0.0428700957993815,0.06359189417619326,-0.06891340791944156,206.70650494511744
NASDAQ,2005-09-21,False,False,0.1437553159785887,0.07054927335310168,0.09294957193717224,-0.05628138020094209,225.48450478134097
NASDAQ,2005-10-05,False,False,0.08402705356184459,0.04749823751135285,0.10582735709914726,-0.04006076699700767,231.3439851383159
NASDAQ,2005-10-19,False,False,0.10493871617676032,0.09632079242513569,0.10151423296773832,-0.04006076699700767,228.3174360758714
NASDAQ,2005-11-02,False,False,0.09928486531421843,0.07261854122544698,0.08944620898992728,-0.04006076699700767,207.09002714310222
NASDAQ,2005-11-16,False,False,0.1165942232767394,0.03336863483914598,0.038012670156604145,-0.04229261445981791,167.77440329363702
NASDAQ,2005-12-01,False,False,0.1723090777308638,0.020721798376811762,-0.030875287637536886,-0.0937271574867129,153.6409608599556
NASDAQ,2005-12-15,False,False,0.13518646931540346,0.022400298584070555,-0.057148706779925895,-0.10476636793330396,132.89729776597002
NASDAQ,2005-12-30,False,False,0.04881626865749755,0.05832911958779441,-0.03876342296784063,-0.13452002623921988,126.64816625228781
NASDAQ,2006-01-17,False,False,0.08083802780007865,0.005193440542602623,-0.08411108529659028,-0.13452002623921988,174.13982459460553
NASDAQ,2006-01-31,False,False,0.11078569363510038,0.016827667764480303,-0.11183756035276016,-0.159970575388515,225.41550588521554
NASDAQ,2006-02-14,False,False,0.11942435572831922,0.004644035317458162,-0.08756888709279931,-0.159970575388515,294.74266233210835
NASDAQ,2006-03-01,False,False,0.14172653460320994,-0.05159708601434865,-0.07483333912272716,-0.159970575388515,353.9515354631646
NASDAQ,2006-03-15,False,False,0.19099288509500667,-0.07954900536399645,-0.04699888570684596,-0.159970575388515,345.9585716469735
NASDAQ,2006-03-29,False,False,0.11725698996644773,-0.09709254255563504,-0.05062752685486949,-0.159970575388515,196.0744460032352
NASDAQ,2006-04-12,False,False,0.1568667311093357,-0.0893045258391929,-0.03116745932699505,-0.159970575388515,193.08742594275486
NASDAQ,2006-04-27,False,False,0.18418857293630175,-0.12866522811724046,0.0,-0.14899056372354202,174.261775749621
NASDAQ,2006-05-11,False,False,0.18026269987099486,-0.09221292241025747,0.04053225815454908,-0.11767796092869709,178.71913228300417
NASDAQ,2006-05-25,False,False,0.10003510118270587,-0.023236253108378513,0.1005057535642182,-0.09415360952492957,174.90517684634145
NASDAQ,2006-06-09,False,False,0.07354609039993232,0.03255011965715049,0.13031374681366614,-0.08080727103381058,62.799472844186745
NASDAQ,2006-06-23,False,False,0.05121709563410359,0.046465015700765555,0.13677326829070502,-0.08080727103381058,68.22312045201883
NASDAQ,2006-07-10,False,False,0.11702097446135262,0.058137066512197855,0.1360996825250913,-0.05229610592982059,69.35909088407932
NASDAQ,2006-07-24,False,False,0.08841981143898714,0.12866522811724046,0.19180351828280262,-0.02662903142611306,87.21817071085658
NASDAQ,2006-08-07,False,False,0.16502260973225447,0.13274518056480655,0.16677711666460127,-0.029086605704193857,7.315971159674639
NASDAQ,2006-08-21,False,False,0.1427212879847879,0.12374200667259672,0.13569173816733393,-0.029086605704193857,10.767637598437796
NASDAQ,2006-09-05,False,False,0.14374271885433476,0.09776362715651565,0.09113042705639085,-0.04747884604254171,17.505802300348705
NASDAQ,2006-09-19,False,False,0.17806227445007394,0.09030825258993946,0.0650496121164208,-0.07577582030854746,7.805411449550714
NASDAQ,2006-10-03,False,False,0.1512266457657141,0.07796261601289345,0.074464554676271,-0.07577582030854746,13.869915152009415
NASDAQ,2006-10-17,False,False,0.203047846983611,0.06313829016556216,0.05612355271348868,-0.07577582030854746,33.79719770592815
NASDAQ,2006-10-31,False,False,0.14891869539356684,0.03403193609979471,0.07634004716497067,-0.07577582030854746,47.850063450102894
NASDAQ,2006-11-14,False,False,0.15330283930614552,0.011949731494737215,0.04153367890163473,-0.07577582030854746,62.449399053637
NASDAQ,2006-11-29,False,False,0.13991452231765855,-0.006633200100124803,0.04253629340123766,-0.07577582030854746,86.81574677919724
NASDAQ,2006-12-13,False,False,0.12299153175004829,-0.025258640473518668,0.056399898935699966,-0.07577582030854746,99.72663784281698
NASDAQ,2006-12-28,False,False,0.14830938965363671,-0.003498061336622449,0.06518965925519815,-0.07577582030854746,102.08127114549926
NASDAQ,2007-01-16,False,False,0.19957433175196115,-0.007014737452073483,0.06668362153248797,-0.07577582030854746,121.3907616464589
NASDAQ,2007-01-30,False,False,0.17397308169661407,0.04230811106517596,0.09422408805353921,-0.07577582030854746,142.79477764389915
NASDAQ,2007-02-13,False,False,0.17675622124825363,0.029583947406897515,0.034933261714706454,-0.07986596327314555,151.5709021867877
NASDAQ,2007-02-28,False,False,0.1543320221458062,0.04916949350136246,0.03754555371516055,-0.1041219087674925,155.29320273618796
NASDAQ,2007-03-14,False,False,0.16658922465818904,0.08165853940921863,0.10345123420746649,-0.1041219087674925,125.71011293354839
NASDAQ,2007-03-28,False,False,0.19389635945869532,0.0686877205918206,0.09261731077609525,-0.1041219087674925,71.95437363038914
NASDAQ,2007-04-12,False,False,0.2597567180739233,0.07369835898456145,0.10216187741862548,-0.1041219087674925,73.05314817386387
NASDAQ,2007-04-26,False,False,0.281020547013223,0.051915976988363255,0.07880547627417744,-0.1041219087674925,71.52585191804472
NASDAQ,2007-05-10,False,False,0.2393381458028463,0.005349314307808939,0.10587305524181367,-0.1041219087674925,73.30615575524213
NASDAQ,2007-05-24,False,False,0.20465649723406898,-0.011623939786201909,0.052099726227543997,-0.1041219087674925,34.939217857616
NASDAQ,2007-06-08,False,False,0.21819764774191786,0.021792694798247858,0.03413707856509873,-0.11796016116243191,24.692843397371323
NASDAQ,2007-06-22,False,False,0.2237608215302922,0.02392959018427465,0.031249071916922055,-0.11796016116243191,26.40257704795912
NASDAQ,2007-07-09,False,False,0.2193613727446344,0.028463518434064028,0.00253235949780084,-0.11796016116243191,28.808078704500637
NASDAQ,2007-07-23,False,False,0.20758280088076297,0.02688949928581419,-0.09778338808754317,-0.1585405014408492,17.51509536934104
NASDAQ,2007-08-06,False,False,0.16595193660136776,0.10052374093400473,-0.08066879031596752,-0.2209713244121687,15.393381037940745
NASDAQ,2007-08-20,False,False,0.16411080707847425,0.0637236660137459,-0.07812780454964319,-0.22688687908802407,4.956731706802886
NASDAQ,2007-09-04,False,False,0.1941790806901844,0.012344383766850875,-0.11479395974471363,-0.22688687908802407,-0.949999998041462
NASDAQ,2007-09-18,False,False,0.22812826462672575,0.007319481732647404,-0.16169887635855762,-0.27609091170871825,-0.9499999826970695
NASDAQ,2007-10-02,False,False,0.27622194064860484,-0.025931158936263188,-0.16710471058257514,-0.27609091170871825,75.77956901060479
NASDAQ,2007-10-16,False,False,0.29001111357228115,-0.12467288737335736,-0.17416570011935661,-0.27609091170871825,79.79597183592158
NASDAQ,2007-10-30,False,False,0.26535946841525515,-0.18119253124997226,-0.15793232173383398,-0.27609091170871825,80.6324195613426
NASDAQ,2007-11-13,False,False,0.18573017934351377,-0.1418514705633891,-0.09206555222955881,-0.22782884422063798,81.24322803262874
NASDAQ,2007-11-28,False,False,0.1581561131890883,-0.1271383435115645,-0.08403781588916903,-0.22782884422063798,87.64697310818703
NASDAQ,2007-12-12,False,False,0.17047348496379122,-0.16901835809120502,-0.0464355011783697,-0.22782884422063798,93.21893042115425
NASDAQ,2007-12-27,False,False,0.17647421804602548,-0.14117355164631196,-0.08361990814966447,-0.2101953156191474,103.6654576387872
NASDAQ,2008-01-11,False,False,0.06795593583232584,-0.04949281274599926,-0.0830987048609888,-0.13314984663600793,60.500555172468
NASDAQ,2008-01-28,False,False,0.01688704717104894,0.023260209516138275,-0.02898298092674878,-0.1417794379147228,64.53999546618493
NASDAQ,2008-02-11,False,False,0.018984676351267993,0.04978591833383028,-0.003930067101245882,-0.1417794379147228,7547.314068983375
NASDAQ,2008-02-26,False,False,0.014553158332611282,0.04310052762239547,0.044834942290526314,-0.1417794379147228,16954.50445693435
NASDAQ,2008-03-11,False,False,-0.01923087651223465,0.12258285691283533,0.04835605278863131,-0.1417794379147228,16036.673472471457
NASDAQ,2008-03-26,False,False,-0.00705654602148531,0.05755364349664749,-0.06416122718641315,-0.15678625516748568,45756.516032757136
NASDAQ,2008-04-09,False,False,-0.0017167785534297764,-0.033605892114989544,-0.1575017111018333,-0.2510909055338715,0.39747676075552185
NASDAQ,2008-04-23,False,False,0.03496284115325654,-0.052243190442887055,-0.2655645108359659,-0.4382564794982384,1.4911396024783752
NASDAQ,2008-05-07,False,False,0.08321703461374952,-0.05371598543507616,-0.4819882491290235,-0.5266790642959993,1.1358688971194741
NASDAQ,2008-05-21,False,False,0.10222168559165734,0.0017344146681308459,-0.4149698909628441,-0.5266790642959993,0.006879327054565287
NASDAQ,2008-06-05,False,False,0.19827432826655844,-0.07422680412420402,-0.5494341855862732,-0.6613817959866717,-0.9499999973056061
NASDAQ,2008-06-19,False,False,0.14315495666982248,-0.12171487068306064,-0.46446111617014285,-0.6263104115022466,-0.9499999988752394
NASDAQ,2008-07-03,False,False,0.05328804435822754,-0.12389581898684376,-0.38915171431013285,-0.6228968207722145,-0.43951596156455164
NASDAQ,2008-07-18,False,False,0.09596316579212782,-0.21332132039307883,-0.34481524012335374,-0.6228968207722145,-0.8265865365326697
NASDAQ,2008-08-01,False,False,0.11454443913277501,-0.42827226369394733,-0.4474536511254925,-0.6228968207722145,-0.9499999859832187
NASDAQ,2008-08-15,False,False,0.13163892179881653,-0.41670430563097494,-0.4323071900000164,-0.6224280651656642,-0.5431037390318805
NASDAQ,2008-08-29,False,False,0.08811168151036064,-0.4752073814620692,-0.5341809104894013,-0.5871549918624677,-0.8107240213986455
NASDAQ,2008-09-15,False,False,-0.032930237796669815,-0.3427462454870822,-0.5413380788108269,-0.583550903524209,-0.9413975659807727
NASDAQ,2008-09-29,False,False,-0.1439876565038425,-0.2652558953232891,-0.24300828803423347,-0.5001176548845878,-0.9499999990948971
NASDAQ,2008-10-13,False,False,-0.23685950563564884,-0.1314939197302749,-0.13788410507043203,-0.3741272184166373,-0.9282272236624811
NASDAQ,2008-10-27,False,False,-0.4383427797107693,-0.019181387431545183,0.08765029494755172,-0.3387353025875566,-0.9333868636537956
NASDAQ,2008-11-10,False,False,-0.41271268395034877,-0.015602884369041448,0.08155553391870018,-0.26427120352065003,-0.5824931236190212
NASDAQ,2008-11-24,False,False,-0.5019837747300366,-0.058973529027332106,0.1641066502894084,-0.26427120352065003,-0.7097247830586406
NASDAQ,2008-12-09,False,False,-0.461120953974012,-0.19859183332374464,0.1655466880110028,-0.26427120352065003,-0.8003323567341569
NASDAQ,2008-12-23,False,False,-0.46209637337124754,0.022247607289055615,0.17253147440492622,-0.26427120352065003,-0.10880032587085031
NASDAQ,2009-01-08,False,False,-0.4274458593460997,-0.006390185340157117,0.132290658505557,-0.2426332986863624,0.5656830119409317
NASDAQ,2009-01-23,False,False,-0.5115482539622267,0.1068316823790969,0.24373439666065888,-0.22686341315728864,2.7429939315775087
NASDAQ,2009-02-06,False,False,-0.4468229637919201,0.09715841828774163,0.22045734627999014,-0.22686341315728864,6.209056595997131
NASDAQ,2009-02-23,False,False,-0.5495592593152159,0.2230801793167405,0.3701491830123169,-0.12796763721363913,5.723888991492787
NASDAQ,2009-03-09,False,False,-0.6286086269992017,0.36413852133474744,0.46897145854198286,-0.06442502421071339,14.63078132549156
NASDAQ,2009-03-23,False,False,-0.4409204620041942,0.1502838671158706,0.2908298325657448,-0.06442502421071339,37.812405049699514
NASDAQ,2009-04-06,False,False,-0.43887291420062624,0.1386808438457141,0.2634155374924765,-0.06442502421071339,18.807060758370355
NASDAQ,2009-04-21,False,False,-0.44187576818342933,0.13690271428156198,0.2634283003845619,-0.06442502421071339,12.750805139739807
NASDAQ,2009-05-05,False,False,-0.37890675507265215,0.12329892799224851,0.20557743636136117,-0.06442502421071339,14.186811150347811
NASDAQ,2009-05-19,False,False,-0.38816670525636443,0.1470690036955764,0.19710137850210074,-0.06442502421071339,14.550614177344933
NASDAQ,2009-06-03,False,False,-0.34265809324725005,0.10483293720723541,0.16154030783640305,-0.06442502421071339,21.560094481833268
NASDAQ,2009-06-17,False,False,-0.3544025254129135,0.1405459654498742,0.1914690147535456,-0.06218383780591008,26.356031436906456
NASDAQ,2009-07-01,False,False,-0.35759122180796865,0.12473469364676237,0.1925612081058059,-0.06218383780591008,31.417788877805663
NASDAQ,2009-07-16,False,False,-0.3367821747044264,0.1265255861029999,0.1994392106829439,-0.06218383780591008,40.911411497155385
NASDAQ,2009-07-30,False,False,-0.25536586971473607,0.08227850836911266,0.13261750853148513,-0.06218383780591008,60.72789931196843
NASDAQ,2009-08-13,False,False,-0.22696338621422285,0.05003237480652434,0.05616282811077422,-0.08776543952223825,73.7065491960307
NASDAQ,2009-08-27,False,False,-0.25088034231513756,0.05670737062916764,0.10128517495293377,-0.08776543952223825,85.44702237976875
NASDAQ,2009-09-11,False,False,-0.24795879771949725,0.05092304930367142,0.1115001124759214,-0.08776543952223825,101.41022250127119
NASDAQ,2009-09-25,False,False,-0.26648864807021244,0.06782651445904353,0.12714482530619442,-0.08776543952223825,133.04491081085555
NASDAQ,2009-10-09,False,False,-0.2665287621479884,0.07291362457994399,0.12722849756378185,-0.08776543952223825,172.1920252779774
NASDAQ,2009-10-23,False,False,-0.28296918592673137,0.05033900016237247,0.14075821700317181,-0.08776543952223825,242.92888831250937
NASDAQ,2009-11-06,False,False,-0.2245703195766895,0.006130453304249883,0.1679429512722619,-0.08776543952223825,328.465050374477
NASDAQ,2009-11-20,False,False,-0.2177535071157779,0.044577804323766124,0.09258940006531269,-0.11042131828523338,497.33603364146495
NASDAQ,2009-12-07,False,False,-0.19778927096849586,0.06057706317224998,0.014832735494721305,-0.1416957267227419,895.8028583184534
NASDAQ,2009-12-21,False,False,-0.17831683856502512,0.05931831084715089,0.03003169392830607,-0.15870283288254505,1273.377142462051
NASDAQ,2010-01-06,False,False,-0.07418989906604168,0.05431487298383786,-0.07483204154717793,-0.16972763037377003,-0.9481558194016637
NASDAQ,2010-01-21,False,False,-0.03995553177024025,0.09041921684079934,-0.0070245986438060015,-0.1902583733874339,-0.8264844628724788
NASDAQ,2010-02-04,False,False,-0.08761034086551778,0.161812497968012,0.06340640277852483,-0.1902583733874339,-0.9499947942558373
NASDAQ,2010-02-19,False,False,-0.04782045298674831,0.048011595741546564,-0.015829745030512044,-0.1902583733874339,-0.9499997581888242
NASDAQ,2010-03-05,False,False,0.036098451956957156,-0.04574432767752867,-0.0827753432110887,-0.1902583733874339,-0.7828682064994208
NASDAQ,2010-03-19,False,False,0.04020950250306399,-0.02928661691884482,-0.059970973691554796,-0.1902583733874339,-0.9498862468334535
NASDAQ,2010-04-05,False,False,0.032559384899187194,-0.1291469145310158,-0.0430835386674433,-0.1902583733874339,-0.949997352144405
NASDAQ,2010-04-19,False,False,0.020856275174931937,-0.09744381548460535,-0.03966167309486224,-0.1902583733874339,0.9036904434516213
NASDAQ,2010-05-03,False,False,0.019192585932167106,-0.09840609518948717,-0.015759437928635656,-0.17776642342228133,-0.9499999973551221
NASDAQ,2010-05-17,False,False,-0.04580773762816914,-0.06384134077205861,0.09054419186912988,-0.11819352420293416,4.413031769556541
NASDAQ,2010-06-01,False,False,-0.10750639614117397,-0.03703101553356003,0.12347793738573731,-0.09914078451364183,-0.9499999968731188
NASDAQ,2010-06-15,False,False,-0.042540728318863685,-0.030684356772709975,0.11675907681119124,-0.09914078451364183,-0.9476720668864513
NASDAQ,2010-06-29,False,False,-0.049406021333845196,0.08606337586357249,0.21335235343460024,-0.08678386313234387,-0.9499999997464315
NASDAQ,2010-07-14,False,False,-0.013110152396955677,0.05778214238974311,0.17924695553208636,-0.08678386313234387,-0.705025810429194
NASDAQ,2010-07-28,False,False,-0.009230591088522644,0.08264665726085152,0.1999675316373315,-0.08678386313234387,-0.21666109257534316
NASDAQ,2010-08-11,False,False,-0.09014645786155118,0.15438553264118848,0.2196611630764549,-0.046972266372050875,-0.949997254197199
NASDAQ,2010-08-25,False,False,-0.0925666527311968,0.16050895291929734,0.26964660340536195,-0.043655390738933875,1.470976850288519
NASDAQ,2010-09-09,False,False,0.012736181670867097,0.14744343358390122,0.2061208970326751,-0.043655390738933875,4914.016589154408
NASDAQ,2010-09-23,False,False,0.10655116902617756,0.12728897757102775,0.11734556984481959,-0.07971161479372313,1346.1906610355636
NASDAQ,2010-10-07,False,False,0.2925842486558654,0.12146481314234325,0.15265431425596532,-0.07971161479372313,1357.1158423819525
NASDAQ,2010-10-21,False,False,0.39957315628260304,0.11732087437647998,0.11575409712315832,-0.07971161479372313,1326.60678017508
NASDAQ,2010-11-04,False,False,0.4887635731699991,0.06527563043526641,0.1084352911748665,-0.07971161479372313,318.4916018959765
NASDAQ,2010-11-18,False,False,0.5403632560377742,0.10913765048606461,0.12984984347325934,-0.07971161479372313,28.578205910588462
NASDAQ,2010-12-03,False,False,0.5040289349468727,0.05867746344877389,0.07127929974200686,-0.07971161479372313,3.2329454400958912
NASDAQ,2010-12-17,False,True,0.5499744239698634,-0.009943407726208164,0.0002875173595171532,-0.08335394154018161,-0.9499999886439792
NASDAQ,2011-01-03,False,True,0.5380182731171228,0.031189501113622065,-0.014456525755332628,-0.09371483738904285,-0.9499999995675745
NASDAQ,2011-01-18,False,True,0.618934425291882,-0.0015667772533216606,0.01320669843651956,-0.09371483738904285,-0.949999983744787
NASDAQ,2011-02-01,False,True,0.5473188195238254,0.04315966073960009,0.0327559753006339,-0.09371483738904285,-0.9499998725686076
NASDAQ,2011-02-15,False,True,0.6652587084325079,0.020712192987194733,-0.17348951690889614,-0.197862431644241,-0.9499999423666639
NASDAQ,2011-03-02,False,True,0.7046796570509102,0.01260183629323297,-0.1584514860585644,-0.20460775000527232,-0.9499999981323892
NASDAQ,2011-03-16,False,True,0.5455416166111524,0.010230925085725318,-0.05619227761400225,-0.20460775000527232,40.53717797983336
NASDAQ,2011-03-30,False,True,0.5755782675970629,-0.04564602686895469,-0.06954506668589033,-0.20460775000527232,53.77048668476125
NASDAQ,2011-04-13,False,True,0.5173602594461855,0.01477347568984122,-0.13830617505750276,-0.20717741100906473,54.90122626754679
NASDAQ,2011-04-28,False,True,0.49039088366671457,-0.010403685438966193,-0.07783371989330767,-0.20717741100906473,58.73382210999311
NASDAQ,2011-05-12,False,True,0.505011957174414,-0.19420170989609087,-0.09369923443175932,-0.20687107742708477,66.0801470225123
NASDAQ,2011-05-26,False,True,0.40830424749156435,-0.17105332235179738,-0.03537317089341041,-0.20687107742708477,99.72765647931247
NASDAQ,2011-06-10,False,False,0.3801244245290789,-0.06642320269972757,-0.008886677277674337,-0.20687107742708477,178.8531620573619
NASDAQ,2011-06-24,False,False,0.3897981000671056,-0.02389903981693564,-0.0437571576500595,-0.20687107742708477,507.39310233611735
NASDAQ,2011-07-11,False,False,0.3957731758963572,-0.15307965074734398,-0.06977259369897126,-0.20204515576798077,414.9535574568146
NASDAQ,2011-07-25,False,False,0.3624505173637882,-0.06743003445434148,-0.04759369117528145,-0.1964221774690662,419.9212291602551
NASDAQ,2011-08-08,False,False,0.17180144646205964,0.10050247546433155,0.17619231450933537,-0.11568830947253783,802.271002225988
NASDAQ,2011-08-22,False,False,0.145017677849685,0.13568015145838697,0.22302929097142776,-0.11568830947253783,831.4327160267247
NASDAQ,2011-09-06,False,False,0.16775219649461892,0.05753652542205323,0.18842160267134833,-0.11568830947253783,19.10124447557071
NASDAQ,2011-09-20,False,False,0.1952811991175123,-0.019858117833123856,0.16006747081603834,-0.11484104818646834,17.972556683701235
NASDAQ,2011-10-04,False,False,0.11707125587473932,0.08330705704837271,0.2604701214651879,-0.11484104818646834,47.923134298637926
NASDAQ,2011-10-18,False,False,0.21568947743567524,0.01983634327906003,0.12672448072778053,-0.11484104818646834,42.79288028406181
NASDAQ,2011-11-01,False,False,0.19083031567762987,0.07568983904500381,0.15025568466795658,-0.11076506424112065,58.82323363517905
NASDAQ,2011-11-15,False,False,0.21063460808451673,0.0873491395130408,0.08848109036186269,-0.09551083280172001,91.74864960853968
NASDAQ,2011-11-30,False,False,0.18720001920033535,0.1308850772492951,0.0840570257789448,-0.11664080728828718,3.3858208720494165
NASDAQ,2011-12-14,False,False,0.11977626909224348,0.1799255886491622,0.10874466399357985,-0.1279722818327107,-0.9499999964244221
NASDAQ,2011-12-29,False,False,0.12785125887370796,0.17716306441681517,0.08972128115518796,-0.1279722818327107,-0.9499999935581593
NASDAQ,2012-01-13,False,False,0.20633677082181556,0.1068881374487205,0.08030522397806283,-0.1279722818327107,-0.9499999912459534
NASDAQ,2012-01-30,False,False,0.27254550435561153,0.07456584562295276,0.03952244066524102,-0.1279722818327107,668.4464877854243
NASDAQ,2012-02-13,False,False,0.26809495835944386,0.0011319508488218943,0.012377922230672134,-0.1279722818327107,1013.8743011689905
NASDAQ,2012-02-28,False,False,0.24737289200907142,-0.046828051470350296,0.02963267821747273,-0.1279722818327107,975.746698573422
NASDAQ,2012-03-13,False,False,0.23826781184693058,-0.07118092465558234,0.008868827803794943,-0.1279722818327107,956.4210030337148
NASDAQ,2012-03-27,False,False,0.2472553753187201,-0.08744178326162722,0.01851763934983275,-0.12726108577876705,942.1305732019647
NASDAQ,2012-04-11,False,False,0.18766919769670487,-0.026582913470657665,0.03167319457605444,-0.11073280471141356,949.3964205123544
NASDAQ,2012-04-25,False,False,0.22291826303265694,-0.03504340495771174,0.011339513462031547,-0.11073280471141356,967.9312951337452
NASDAQ,2012-05-09,False,False,0.23622317007324778,0.01124597138185024,0.014384703703901103,-0.06712921763433854,509.58363471053934
NASDAQ,2012-05-23,False,False,0.22271647877166423,0.07646072968782303,-0.0011620498304250049,-0.11192345907376566,234.63157148958325
NASDAQ,2012-06-07,False,False,0.20515304150803093,0.08004975245937729,0.061977201864596765,-0.11539656324670844,154.1786402367039
NASDAQ,2012-06-21,False,False,0.3041757348724019,0.10595942261145996,0.04549208204605204,-0.11539656324670844,93.86091386807504
NASDAQ,2012-07-06,False,False,0.26697975361948156,0.05825610804671211,0.007792980502356883,-0.11539656324670844,83.51327767952066
NASDAQ,2012-07-20,False,False,0.2617160370953453,0.04638291841974329,0.06363434229458953,-0.11539656324670844,88.3881076010471
NASDAQ,2012-08-03,False,False,0.30382976596353295,0.0031387323220508634,0.060709056211263324,-0.11539656324670844,94.9867119374479
NASDAQ,2012-08-17,False,False,0.37302392408186336,-0.07762277951824803,0.03509812499354936,-0.11539656324670844,90.14110722053414
NASDAQ,2012-08-31,False,False,0.313104442895515,-0.018072550594780523,0.030600134737884588,-0.11539656324670844,87.00465068610397
NASDAQ,2012-09-17,False,False,0.28884989656380267,-0.06046734056540792,0.0206895197221435,-0.11497880800169114,78.96068732219486
NASDAQ,2012-10-01,False,False,0.2594929225143341,-0.050463127544355224,0.04490200663338939,-0.10450501148263136,74.32651127563028
NASDAQ,2012-10-15,False,False,0.21176745567305577,0.01725142387484624,0.07419095078298632,-0.0900043133545072,66.96560993856981
NASDAQ,2012-10-31,False,False,0.14359936714686228,0.05757032388921246,0.09989119090224108,-0.06255073257027632,62.02248563085566
NASDAQ,2012-11-14,False,False,0.12268645205742423,0.11272090451179739,0.18026974715161703,-0.04138822854382518,68.82221049028448
NASDAQ,2012-11-29,False,False,0.14905862210793064,0.04867268533266511,0.13848664273774247,-0.04138822854382518,72.79357464997038
NASDAQ,2012-12-13,False,False,0.12160189446374137,0.08115686028755142,0.14793427126211078,-0.04138822854382518,73.59880579262335
NASDAQ,2012-12-28,False,False,0.09901090881807839,0.09536513417774461,0.1258281739668794,-0.04224634633941449,66.76535581388853
NASDAQ,2013-01-14,False,False,0.13443082983000565,0.05693952690814008,0.11138788634554864,-0.05317485741334771,60.98296583383367
NASDAQ,2013-01-29,False,False,0.13712273487133952,0.04232086701302862,0.13247848800233086,-0.05317485741334771,61.876280606343094
NASDAQ,2013-02-12,False,False,0.12021339846686185,0.06754884263981964,0.14750558899257626,-0.05317485741334771,68.91892861903904
NASDAQ,2013-02-27,False,False,0.12211765268039443,0.08981395740507736,0.12661174798468977,-0.05317485741334771,73.28850542069776
NASDAQ,2013-03-13,False,False,0.20787076231330914,0.06677741097455936,0.10727816692479664,-0.05317485741334771,56.0167949451168
NASDAQ,2013-03-27,False,False,0.15782337650207445,0.030463039789134783,0.13994935561875543,-0.05317485741334771,45.88662317145453
NASDAQ,2013-04-11,False,False,0.17866054928930097,0.054448359437408556,0.14575055622658617,-0.05317485741334771,31.969574480014362
NASDAQ,2013-04-25,False,False,0.13533978947233205,0.09015762098930225,0.14253898766626527,-0.05317485741334771,16.700806593352713
NASDAQ,2013-05-09,False,False,0.1867329178659194,0.07995674635275662,0.14783899380959298,-0.05317485741334771,7.107893643873653
NASDAQ,2013-05-23,False,False,0.2126035248178102,0.03679779057961241,0.1249703031192837,-0.050080498322451206,-0.5046214317286357
NASDAQ,2013-06-07,False,False,0.27326831280026553,0.04050075595023728,0.14679226797685097,-0.04746483950516378,-0.9499999972366613
NASDAQ,2013-06-21,False,False,0.22222059178898235,0.10948631582962065,0.17612423603642924,-0.037412164545365556,-0.924275356621096
NASDAQ,2013-07-08,False,False,0.22528157439933683,0.09130219678917761,0.17882030536884308,-0.037412164545365556,-0.9499999910021484
NASDAQ,2013-07-22,False,False,0.23725218937446613,0.052381366676963026,0.14799315136979985,-0.037412164545365556,-0.9374484543475115
NASDAQ,2013-08-05,False,False,0.3971514020263349,0.06788224745683635,0.10055584394953421,-0.03828913888848717,-0.9499999945350446
NASDAQ,2013-08-19,False,False,0.3834201220636251,0.08817251253967129,0.14476854133773998,-0.0597365038041211,-0.9499999112411173
NASDAQ,2013-09-03,False,False,0.3487529690929696,0.10629151202661369,0.17129423472088412,-0.0597365038041211,-0.9161899168316223
NASDAQ,2013-09-17,False,False,0.38915729696737156,0.06663792020680859,0.13967720332481903,-0.0597365038041211,-0.9485089619178932
NASDAQ,2013-10-01,False,False,0.43935283211235454,0.08751810857966547,0.1034894631811909,-0.0597365038041211,-0.5258608523310282
NASDAQ,2013-10-15,False,False,0.37635940969755044,0.09561178469283682,0.08072680493717854,-0.06597068991302812,20.66555657496383
NASDAQ,2013-10-29,False,False,0.40353649704286454,0.032673596492697854,0.043235702798542164,-0.08577954810061073,11.102578114404515
NASDAQ,2013-11-12,False,False,0.39544000602345175,0.05659602879806869,0.036999109243790684,-0.08577954810061073,17.927676175132802
NASDAQ,2013-11-26,False,False,0.4251841286624112,0.06500272269427043,0.027928183818435315,-0.08577954810061073,8.674249145384616
NASDAQ,2013-12-11,False,False,0.45468477879137037,0.07303928311801045,0.07049146677767126,-0.08577954810061073,44.08637375705548
NASDAQ,2013-12-26,False,False,0.4697493727827702,0.015971354601525434,0.04507880343398263,-0.08577954810061073,1604.2109909833457
NASDAQ,2014-01-10,False,False,0.42543720092259907,-0.014884979755658279,0.07191057652983979,-0.08577954810061073,2166.3148358409253
NASDAQ,2014-01-27,False,False,0.3724312975463455,0.01056210630584431,0.08190334419473899,-0.08577954810061073,2796.602459002676
NASDAQ,2014-02-10,False,False,0.3470404262829785,-0.019596919554278003,0.04811533470967255,-0.08577954810061073,86.26488841053126
NASDAQ,2014-02-25,False,False,0.3682105370706168,-0.03707453887583512,0.04052880899096678,-0.08577954810061073,137.3244640567326
NASDAQ,2014-03-11,False,False,0.34818809404085016,-0.002547816340339182,0.06147224708652743,-0.08010484393767747,683.881749445796
NASDAQ,2014-03-25,False,False,0.31021012459372166,0.029107448832457194,0.06505763482007687,-0.0668987015907021,160.12505780108864
NASDAQ,2014-04-08,False,False,0.2971906896336769,0.08679555628549807,0.09122625943449236,-0.04501694863893668,17.397206956299428
NASDAQ,2014-04-23,False,False,0.3022019279406063,0.07134123788889468,0.020788132075649557,-0.08733106925696532,-0.9499999951440574
NASDAQ,2014-05-07,False,False,0.32682639844364125,0.06771225426395056,0.0978755363321202,-0.08733106925696532,10.245471627182479
NASDAQ,2014-05-21,False,False,0.3750645509907624,0.0776033478668019,0.11856534291039544,-0.08733106925696532,20.49427846290497
NASDAQ,2014-06-05,False,False,0.40746889195711145,0.06402006342686661,0.10143570170532534,-0.08733106925696532,-0.9499999529581915
NASDAQ,2014-06-19,False,True,0.4102248987197772,0.035950185987619676,0.08928764039165493,-0.08733106925696532,-0.949999993382411
NASDAQ,2014-07-03,False,True,0.42533952808674247,0.004430703148994297,0.06043978845274545,-0.08733106925696532,-0.9499999853364027
NASDAQ,2014-07-18,False,True,0.4275764015431074,-0.050553105813245125,0.06634823103652288,-0.08733106925696532,-0.6895103177502193
NASDAQ,2014-08-01,False,True,0.3755393318574356,0.03016328206816965,0.08901957725074361,-0.08733106925696532,-0.9175212336877681
NASDAQ,2014-08-15,False,True,0.372555269015999,0.040961995043593546,0.060711378384773695,-0.08733106925696532,-0.94999994994166
NASDAQ,2014-08-29,False,True,0.39843352027025425,0.03741563827845873,0.07984337675090103,-0.08733106925696532,-0.949999882643604
NASDAQ,2014-09-15,False,True,0.35207943081644544,0.053337454404035256,0.08959054473801586,-0.08629539429110267,-0.949999990514705
NASDAQ,2014-09-29,False,True,0.3675307395055274,0.05600908530375115,0.10625297777915677,-0.06704490854420264,-0.6877735559599474
NASDAQ,2014-10-13,False,True,0.30655223122382225,0.116901336849768,0.15298911410018867,-0.0522204081215456,1.0115819798538483
NASDAQ,2014-10-27,False,True,0.3956691528332765,0.05885629518257396,0.11130809213006287,-0.0522204081215456,-0.9499993279750152
NASDAQ,2014-11-10,False,True,0.4944895854710225,0.01974938334118015,0.060014139086964846,-0.0522204081215456,-0.9499974194520089
NASDAQ,2014-11-24,False,True,0.45715378451911803,0.0424277384724423,0.06417310134071386,-0.0522204081215456,-0.9499999981630314
NASDAQ,2014-12-09,False,True,0.4725963438364156,0.03625309033398061,0.06748350990519292,-0.05036191711639759,-0.9499999998546227
NASDAQ,2014-12-23,False,True,0.45629108968242704,0.050243892475405616,0.060944762754639115,-0.05036191711639759,-0.9499999901589895
NASDAQ,2015-01-08,False,True,0.4203594946369087,0.03608777725042067,0.056825496532479036,-0.03985672220070846,-0.8201768311072444
NASDAQ,2015-01-23,False,True,0.41484394927665136,0.052451796947488916,0.08175053653781994,-0.049728977855266976,-0.9499999994425634
NASDAQ,2015-02-06,False,True,0.39478965693123413,0.0402647557457847,0.0779028176983001,-0.049728977855266976,-0.9298775240722534
NASDAQ,2015-02-23,False,True,0.45096919576721106,0.021745362868271556,0.014526169501701602,-0.049728977855266976,-0.9499999994913022
NASDAQ,2015-03-09,False,True,0.4164602246683433,0.03123041957121231,-0.026598797524105322,-0.1467603290682611,-0.9499999987998553
NASDAQ,2015-03-23,False,True,0.4275982585306668,0.010700870279233499,-0.0383702969509816,-0.1467603290682611,-0.949999995179307
NASDAQ,2015-04-07,False,True,0.39892980135211786,0.020737719282058364,-0.04663474460897987,-0.1467603290682611,-0.9499999957303107
NASDAQ,2015-04-21,False,True,0.42463617300275125,0.029298739590331024,-0.037310147310408937,-0.1467603290682611,-0.9499997664875748
NASDAQ,2015-05-05,False,True,0.3627528967578044,0.0376380619525154,0.01855995958216461,-0.1467603290682611,-0.9353387925521428
NASDAQ,2015-05-19,False,True,0.38232672001038637,-0.007219193366569954,0.015090665342874843,-0.1467603290682611,-0.9499999919700963
NASDAQ,2015-06-03,False,True,0.38384907873512475,-0.05782921709531763,0.0011152212863141386,-0.1467603290682611,-0.9499999952933269
NASDAQ,2015-06-17,False,True,0.42213674691057257,-0.049071167230215096,0.007264967976995607,-0.1467603290682611,-0.9499991801454888
NASDAQ,2015-07-01,False,True,0.3580791250071371,-0.06737246389103824,-0.008856002121314432,-0.1467603290682611,3.4863600597856426
NASDAQ,2015-07-16,False,True,0.36639382823557654,-0.06660888690073996,-0.06551444748881252,-0.1467603290682611,-0.949999829983672
NASDAQ,2015-07-30,False,True,0.3358293579898728,-0.01907810237035079,-0.13701860644379238,-0.14245481879782496,-0.9499999855751007
NASDAQ,2015-08-13,False,False,0.33142573658922103,0.022309858709444796,-0.10992789810980597,-0.14324230746897904,-0.9278528713393408
NASDAQ,2015-08-27,False,False,0.27679619693261515,0.05894443838163177,-0.06619893087624185,-0.1893477489678066,-0.04094647230007409
NASDAQ,2015-09-11,False,False,0.2425727741221575,0.0563361352072107,-0.02208200656943049,-0.1893477489678066,0.9987631903358718
NASDAQ,2015-09-25,False,False,0.20574012277532994,0.058516461769723804,0.023023201381457525,-0.1893477489678066,5.516686682078387
NASDAQ,2015-10-09,False,False,0.2296199155573202,0.0010944394119274392,0.012616478124098052,-0.1893477489678066,5.685105170197158
NASDAQ,2015-10-23,False,False,0.24699246582621548,-0.11794050407344159,-0.01437989282598906,-0.1893477489678066,10.087863331854852
NASDAQ,2015-11-06,False,False,0.2607852136744082,-0.13223775681925076,-0.06616358704267178,-0.1893477489678066,-0.6458065374904676
NASDAQ,2015-11-20,False,False,0.23278502140028046,-0.12514336925787362,-0.06671446909904155,-0.1893477489678066,-0.9024199349070283
NASDAQ,2015-12-07,False,False,0.243701133704036,-0.07841814177664119,-0.030601870130094966,-0.17992271039904217,-0.7137106665843218
NASDAQ,2015-12-21,False,False,0.17850750791739323,-0.03549326038826628,-0.025554614289383437,-0.17992271039904217,-0.4685835233908531
NASDAQ,2016-01-06,False,False,0.16181267669859523,0.011522038712170612,-0.030207006730709196,-0.12516478546871035,-0.8787045662467241
NASDAQ,2016-01-21,False,False,0.08735988637837622,0.10356061124745253,0.11273408651037542,-0.07960134391834828,-0.9499964720256493
NASDAQ,2016-02-04,False,False,0.07324834819197257,0.06607416977657898,0.13081652441941927,-0.07950616978341962,41297.66681202756
NASDAQ,2016-02-19,False,False,0.04829457813192484,0.058428900158832064,0.14447762610961945,-0.07950616978341962,7874.856193057019
NASDAQ,2016-03-04,False,False,0.08715129182457027,0.04781627164654623,0.10087751539034961,-0.07950616978341962,3081.340517516553
NASDAQ,2016-03-18,False,False,0.1389350372083733,0.009938646098882842,0.0923229221586066,-0.07950616978341962,12.388433683394595
NASDAQ,2016-04-04,False,False,0.15631649157189287,-0.04172904544287981,0.08757547098501917,-0.07950616978341962,14.832782025563818
NASDAQ,2016-04-18,False,False,0.17870156040314988,0.009173475262922892,0.06758868033774768,-0.07950616978341962,-0.9499999729085662
NASDAQ,2016-05-02,False,False,0.17318658772084738,0.06474235464284028,0.08439691824606044,-0.07950616978341962,-0.9239286408632696
NASDAQ,2016-05-16,False,False,0.13933676283073737,0.08604872595078739,0.05756193930518805,-0.07950616978341962,-0.949999999251383
NASDAQ,2016-05-31,False,False,0.13541411901109157,0.05306124374380339,0.075102321592043,-0.07950616978341962,-0.9499999999110775
NASDAQ,2016-06-14,False,False,0.10333347784642122,0.08238427605972376,0.08165578707055055,-0.06643523241613636,32.888562704282975
NASDAQ,2016-06-28,False,False,0.05258343959703815,0.12930451642789897,0.14742564580634188,-0.056466568915238824,16.984459417938467
NASDAQ,2016-07-13,False,False,0.12338072865972194,0.05841520507482478,0.0811864525786472,-0.056466568915238824,3.1486209904942886
NASDAQ,2016-07-27,False,False,0.15907963594149876,0.019654563603220154,0.07779928502539768,-0.056466568915238824,1381.2279398789667
NASDAQ,2016-08-10,False,False,0.14361664861808876,-0.028486786645599338,0.08081477379415425,-0.056466568915238824,1005.3777890667668
NASDAQ,2016-08-24,False,False,0.1263920289363316,0.02204107784823961,0.10914926313771645,-0.056466568915238824,557.1580305300099
NASDAQ,2016-09-08,False,False,0.1442985676758255,-0.0007284889891732149,0.10832565098375113,-0.056466568915238824,392.8095536295211
NASDAQ,2016-09-22,False,False,0.17252830653545104,0.0181211293784429,0.09994535148215888,-0.056466568915238824,90.38463866782243
NASDAQ,2016-10-06,False,False,0.227465737384426,0.022771247503822423,0.1083814267444616,-0.054432465323142054,82.47910278904791
NASDAQ,2016-10-20,False,False,0.13840770960603166,0.058144721422177525,0.10207474884218115,-0.05089063824324214,152.4095170504557
NASDAQ,2016-11-03,False,False,0.08191661025897723,0.10930156043975359,0.17861089450774337,-0.027759462382860534,116.01941194594411
NASDAQ,2016-11-17,False,False,0.11421588816897454,0.08710818528947684,0.13766721170049045,-0.027759462382860534,23.11514441451823
NASDAQ,2016-12-02,False,False,0.11514694990427721,0.10905413997292435,0.1668878120347408,-0.026046697978477695,5.8657972602194075
NASDAQ,2016-12-16,False,False,0.13018334563556877,0.08182422210371598,0.127326472935696,-0.026046697978477695,-0.8540625978841754
NASDAQ,2017-01-03,False,False,0.1433416508370069,0.08561017924063918,0.14035563920095662,-0.027259431686815105,-0.9499999954625249
NASDAQ,2017-01-18,False,False,0.15210024975336367,0.043930027420003626,0.10865262077840754,-0.03743821195262953,-0.9499999696374606
NASDAQ,2017-02-01,False,False,0.1772725507459434,0.06930933406798978,0.12784393907051061,-0.03743821195262953,-0.9499999945257187
NASDAQ,2017-02-15,False,False,0.15816250456522063,0.05055902641101362,0.0904676473113728,-0.03743821195262953,-0.9499999921369628
NASDAQ,2017-03-02,False,False,0.18736257460089512,0.057833672061816443,0.0717917404720545,-0.03743821195262953,-0.9389272001674165
NASDAQ,2017-03-16,False,False,0.16669776393806401,0.04550225083198001,0.08017102385455033,-0.03743821195262953,-0.9122959855760726
NASDAQ,2017-03-30,False,False,0.17782670022416802,0.05474545996031743,0.08763624867495245,-0.03743821195262953,1969.4217414073191
NASDAQ,2017-04-13,False,False,0.1422981639638028,0.06472259335840391,0.11837027163133129,-0.03743821195262953,2050.3554512941955
NASDAQ,2017-04-28,False,False,0.20642774507451378,0.058534605002520834,0.09106953153099084,-0.03743821195262953,1965.0224091091068
NASDAQ,2017-05-12,False,False,0.18807905332587183,0.03990862090035918,0.09280856665723114,-0.03743821195262953,2553.8981642267445
NASDAQ,2017-05-26,False,False,0.20499890353221417,0.013958068410238056,0.07684247518826837,-0.03743821195262953,2872.477809573133
NASDAQ,2017-06-12,False,False,0.18490278672300597,0.03466877302257032,0.10715847807305146,-0.03318159899544959,3617.64852939711
NASDAQ,2017-06-26,False,False,0.2208471338146918,0.03289078871463502,0.09307610743988448,-0.03318159899544959,3619.7220512358062
NASDAQ,2017-07-11,False,False,0.17286127798585937,0.05364767827292738,0.10854458405976075,-0.03318159899544959,3496.3460170777284
NASDAQ,2017-07-25,False,False,0.22342745663257801,0.03253492652847001,0.11916815949250115,-0.03318159899544959,2935.2360891134267
NASDAQ,2017-08-08,False,False,0.23263196031242472,0.05289994575687196,0.1501434021426462,-0.025006898454707382,27.48800073727553
NASDAQ,2017-08-22,False,False,0.2656510055798744,0.06288440677803031,0.10768870543375009,-0.10211390259460984,33.00686968485911
NASDAQ,2017-09-06,False,False,0.2854369905761267,0.07248970505048113,0.12891806357226443,-0.10211390259460984,3404.341193594477
NASDAQ,2017-09-20,False,False,0.3512150061763428,0.06018531872524946,0.14946147182289238,-0.10211390259460984,10202.257725420313
NASDAQ,2017-10-04,False,False,0.3004819915378949,0.05489690578683337,0.061515149834896476,-0.10211390259460984,12289.15543843175
NASDAQ,2017-10-18,False,False,0.2743786813414353,0.08663323296403114,0.07501512819564837,-0.10211390259460984,12872.482923673451
NASDAQ,2017-11-01,False,False,0.2762531121856284,0.09724345638577425,0.05815071958923568,-0.10211390259460984,12698.25101865886
NASDAQ,2017-11-15,False,False,0.27330726485101664,0.044804298655719776,0.09911746845112823,-0.10211390259460984,105.41749322045746
NASDAQ,2017-11-30,False,False,0.29884641739513995,0.056428358521783295,0.07703409234636638,-0.10211390259460984,115.55113491297408
NASDAQ,2017-12-14,False,True,0.31554159109959556,0.08927615309764292,0.10891706531652012,-0.10211390259460984,0.31136561656497364
NASDAQ,2017-12-29,False,False,0.38670153772373084,0.006618244048063104,0.10827478828449877,-0.10211390259460984,349.9338947762094
NASDAQ,2018-01-16,False,False,0.453228784535213,-0.011618104768382764,0.0711266541644946,-0.10211390259460984,526.0057113332331
NASDAQ,2018-01-30,False,False,0.5286230634593245,-0.039092736796538574,0.057662264750693026,-0.09942860947942478,645.7593465276035
NASDAQ,2018-02-13,False,False,0.4281916103973309,0.054313169795408456,0.11390765990289253,-0.09942860947942478,411.06306426598184
NASDAQ,2018-02-28,False,True,0.43485391485342717,0.020605733824583083,0.07264346836197255,-0.09942860947942478,44.263156157271055
NASDAQ,2018-03-14,False,True,0.4440154509860097,0.019640912218877205,0.07630562627851667,-0.08729601423818067,30.60044923809624
NASDAQ,2018-03-28,False,False,0.36090444814044886,0.10165654423643566,0.13530931052595463,-0.044196954668377586,580.0614069150831
NASDAQ,2018-04-12,False,False,0.3683156433675645,0.08274475893287736,0.11363747597725471,-0.044196954668377586,516.5375402240979
NASDAQ,2018-04-26,False,False,0.4017983844356863,0.0967550015472316,0.07139362241087355,-0.10121236009110035,488.53177634276415
NASDAQ,2018-05-10,False,False,0.4512477005427815,0.05959449010748408,-0.03341103776231513,-0.13999087944557154,-0.9499999339216414
NASDAQ,2018-05-24,False,False,0.4049339190100767,0.05203773453738947,-0.03057406946711083,-0.13999087944557154,513.3043401919534
NASDAQ,2018-06-08,False,False,0.4582518293820108,0.056664714059639465,-0.04739690897787696,-0.1602608049889902,505.93296624542904
NASDAQ,2018-06-22,False,False,0.4760037730034057,0.033652766289518965,-0.08438023748301227,-0.1602608049889902,501.69353732393085
NASDAQ,2018-07-09,False,False,0.4322657213636081,0.03089271704437735,-0.16377110603964162,-0.2696529442401694,500.15105773827486
